Administration,Category,Theme,Sector,General Description,Potential Energy Capacity,Unit of Measure,Status of Exploitation,Location,2019,2020,2021,2022,2023,2024,2025,2026,2027,2028,2029,2030,2033,Area,Scenario,INEP Source,CEP Reference
National,Socio-Economic & Institutional,Demographics,Demographics,Total population,,Persons,,,47600000,48500000,49300000.0,50200000,51000000,51800000,52600000,53400000,54200000,55000000,55800000,56600000,58500000,,,,
National,Socio-Economic & Institutional,Demographics,Demographics,Number of Households,,Households,,,12100000,12400000,12600000.0,12900000,13200000,13500000,13800000,14100000,14400000,14700000,15000000,15300000,16000000,,,,
National,Socio-Economic & Institutional,Demographics,Demographics,Average Household size,,Persons/HH,,,3.9,3.9,3.9,3.9,3.9,3.8,3.8,3.8,3.8,3.7,3.7,3.7,3.6,,,,
National,Energy Resource Potential,County�s Energy Resources,Biomass,Wood fuel,20,million tonnes/yr,,,,,,,,,,,,,,,,,,Table 2.1,
National,Energy Resource Potential,County�s Energy Resources,Biomass,Agricultural residues,15,million tonnes/yr,,,,,,,,,,,,,,,,,,Table 2.2,
National,Energy Resource Potential,County�s Energy Resources,Biomass,Animal waste,12,million tonnes/yr,,,,,,,,,,,,,,,,,,Table 2.3,
National,Energy Resource Potential,County�s Energy Resources,Waste,Solid,6,million tonnes/yr,,,,,,,,,,,,,,,,,,Table 2.4,
National,Energy Resource Potential,County�s Energy Resources,Waste,Liquid,0.3,million m�/yr,,,,,,,,,,,,,,,,,,Table 2.5,
National,Energy Resource Potential,County�s Energy Resources,Geothermal,Potential for different sites,"10,000",MW,,,,,,,,,,,,,,,,,,Table 2.6,
National,Energy Resource Potential,County�s Energy Resources,Hydro,Potential for different sites,"3,000",MW,,,,,,,,,,,,,,,,,,Table 2.7,
National,Energy Resource Potential,County�s Energy Resources,Solar,Solar radiation by area,"1,800",kWh/m�/yr,,,,,,,,,,,,,,,,,,Table 2.8,
National,Energy Resource Potential,County�s Energy Resources,Wind,Wind potential by area,8,m/s,,,,,,,,,,,,,,,,,,Table 2.9,
National,Energy Resource Potential,County�s Energy Resources,Fossil resources,Fossil resources - Including coal,400,million tonnes,,,,,,,,,,,,,,,,,,Table 2.10,
National,Energy Resource Potential,County�s Energy Resources,Nuclear,Nuclear resources,,MW,,,,,,,,,,,,,,,,,,Table 2.11,
National,Energy Resource Potential,County�s Energy Resources,Other energy resources,,,,,,,,,,,,,,,,,,,,,Table 2.12,
National,Infrastructure & Access,Electricity Connectivity Progression in the County,Electricity connection,Total connectivity of households,,Units,,,8000000,,,9800000,,,11500000,,,13500000,,14500000,15800000,,,Table 3.1 (a),
National,Infrastructure & Access,Electricity Connectivity Progression in the County,Electricity connection,Total connectivity of MSMEs ,,Units,,,1200000,,,1600000,,,2100000,,,2800000,,3200000,3800000,,,Table 3.1 (a),
National,Infrastructure & Access,Electricity Connectivity Progression in the County,Electricity connection,Total connectivity of industries ,,Units,,,18000,,,22000,,,28000,,,35000,,40000,50000,,,Table 3.1 (a),
National,Infrastructure & Access,Electricity Connectivity Progression in the County,Electricity connection,Total connectivity of institutions ,,Units,,,45000,,,55000,,,70000,,,90000,,100000,120000,,,Table 3.1 (a),
National,Infrastructure & Access,Electricity Connectivity Progression in the County,Electricity connection,Households connected to solar home systems (%),,Units,,,,,,,,,,,,,,,,,,Table 3.1 (a),
National,Infrastructure & Access,Electricity Connectivity Progression in the County,Electricity connection,Households connected to mini-grids (%),,%,,,1,,,2,,,3,,,4,,5,6,,,Table 3.1 (a),
National,Infrastructure & Access,Electricity Connectivity Progression in the County,Electricity connection,Total connectivity of households,,%,,,66,,,76,,,83,,,92,,95,99,,,Table 3.1 (a),
National,Infrastructure & Access,Electricity Connectivity Progression in the County,Electricity connection,Total connectivity of institutions ,,%,,,70,,,82,,,90,,,97,,99,100,,,Table 3.1 (a),
National,Infrastructure & Access,Electricity Connectivity Progression in the County,Electricity connection,Households connected to solar home systems (%),,%,,,6,,,8,,,10,,,12,,13,15,,,Table 3.1 (a),
National,Infrastructure & Access,Electricity Connectivity Progression in the County,Electricity connection,% of public facilities connected to grid,,%,,,85,,,90,,,95,,,98,,99,100,,,Table 3.1 (a),
National,Infrastructure & Access,Electricity Connectivity Progression in the County,Electricity connection,% of public facilities connected to off-grid mini-grid,,%,,,5,,,6,,,4,,,2,,1,0,,,Table 3.1 (a),
National,Infrastructure & Access,Electricity Connectivity Progression in the County,Electricity connection,% of public facilities with captive power systems,,%,,,10,,,4,,,1,,,0,,0,0,,,Table 3.1 (a),
National,Energy Demand & Consumption,Summary of Electricity Consumption in the County,Electricity consumption,Households (kWh),,kWh,,,5500000000,,,6800000000,,,8500000000,,,11000000000,,12500000000,15500000000,,,Table 3.1 (b),
National,Energy Demand & Consumption,Summary of Electricity Consumption in the County,Electricity consumption,Public Institutions / Facilities (kWh),,kWh,,,2100000000,,,2600000000,,,3200000000,,,4100000000,,4800000000,6000000000,,,Table 3.1 (b),
National,Energy Demand & Consumption,Summary of Electricity Consumption in the County,Electricity consumption,Commercial and Industrial Customers (kWh),,kWh,,,7800000000,,,9500000000,,,12000000000,,,16000000000,,18500000000,23000000000,,,Table 3.1 (b),
National,Energy Demand & Consumption,Summary of Electricity Consumption in the County,Electricity consumption,Street lighting (kWh),,kWh,,,350000000,,,450000000,,,550000000,,,750000000,,850000000,1100000000,,,Table 3.1 (b),
National,Energy Demand & Consumption,Summary of Electricity Consumption in the County,Electricity consumption,Total units sold (kWh),,kWh,,,15800000000,,,19400000000,,,24300000000,,,31900000000,,36700000000,45600000000,,,Table 3.1 (b),
National,Energy Demand & Consumption,Percentage of households by main sources of cooking fuels in the County,Fuel type,Firewood %,,%,,,38,37,36,34,32,30,28,26,24,22,,,,,,Table 3.2 (a),
National,Energy Demand & Consumption,Percentage of households by main sources of cooking fuels in the County,Fuel type,Charcoal %,,%,,,32,32,33,33,34,34,35,35,36,36,,,,,,Table 3.2 (a),
National,Energy Demand & Consumption,Percentage of households by main sources of cooking fuels in the County,Fuel type,Briquettes %,,%,,,3,3,4,4,5,5,6,6,7,7,,,,,,Table 3.2 (a),
National,Energy Demand & Consumption,Percentage of households by main sources of cooking fuels in the County,Fuel type,Pellets %,,%,,,1,1,1,2,2,3,3,4,4,5,,,,,,Table 3.2 (a),
National,Energy Demand & Consumption,Percentage of households by main sources of cooking fuels in the County,Fuel type,Kerosene %,,%,,,15,14,13,12,11,10,9,8,7,6,,,,,,Table 3.2 (a),
National,Energy Demand & Consumption,Percentage of households by main sources of cooking fuels in the County,Fuel type,Bioethanol %,,%,,,1,1,2,2,3,3,4,4,5,5,,,,,,Table 3.2 (a),
National,Energy Demand & Consumption,Percentage of households by main sources of cooking fuels in the County,Fuel type,Electricity %,,%,,,8,9,9,10,11,12,13,14,15,16,,,,,,Table 3.2 (a),
National,Energy Demand & Consumption,Percentage of households by main sources of cooking fuels in the County,Fuel type,LPG ,,%,,,2,3,2,3,4,5,6,7,8,8,,,,,,Table 3.2 (a),
National,Energy Demand & Consumption,Percentage of households by main sources of cooking fuels in the County,Fuel type,LPG � 13 Kg Cylinder,,%,,,,,,,,,,,,,,,,,,Table 3.2 (a),
National,Energy Demand & Consumption,Percentage of households by main sources of cooking fuels in the County,Fuel type,Others e.g. agricultural waste %,,%,,,,,,,,,,,,,,,,,,Table 3.2 (a),
National,Energy Demand & Consumption,Percentage distribution of households by main cooking technologies in the County,Cooking Technology,Three stone Open fire (Urban),,%,,,,,10,9,9,8,7,6,5,4,3,2,,Urban,,Table 3.2 (b),
National,Energy Demand & Consumption,Percentage distribution of households by main cooking technologies in the County,Cooking Technology,Three stone Open fire (Rural),,%,,,,,65,64,63,61,59,57,55,53,51,49,,Rural,,Table 3.2 (b),
National,Energy Demand & Consumption,Percentage distribution of households by main cooking technologies in the County,Cooking Technology,Improved charcoal stoves (Urban),,%,,,,,15,16,16,17,17,18,18,19,19,20,,Urban,,Table 3.2 (b),
National,Energy Demand & Consumption,Percentage distribution of households by main cooking technologies in the County,Cooking Technology,Improved charcoal stoves (Rural),,%,,,,,5,6,6,7,7,8,8,9,9,10,,Rural,,Table 3.2 (b),
National,Energy Demand & Consumption,Percentage distribution of households by main cooking technologies in the County,Cooking Technology,Advanced biomass stoves (gasifier and other Tier 3+ stoves) (Urban),,%,,,,,3,3,4,4,5,5,6,6,7,7,,Urban,,Table 3.2 (b),
National,Energy Demand & Consumption,Percentage distribution of households by main cooking technologies in the County,Cooking Technology,Advanced biomass stoves (gasifier and other Tier 3+ stoves) (Rural),,%,,,,,1,1,2,2,3,3,4,4,5,5,,Rural,,Table 3.2 (b),
National,Energy Demand & Consumption,Percentage distribution of households by main cooking technologies in the County,Cooking Technology,Bioethanol stoves (Urban),,%,,,,,2,2,2,3,3,4,4,5,5,6,,Urban,,Table 3.2 (b),
National,Energy Demand & Consumption,Percentage distribution of households by main cooking technologies in the County,Cooking Technology,Bioethanol stoves (Rural),,%,,,,,0,0,1,1,1,2,2,3,3,4,,Rural,,Table 3.2 (b),
National,Energy Demand & Consumption,Percentage distribution of households by main cooking technologies in the County,Cooking Technology,Parafin Cookstoves (Urban),,%,,,,,40,41,42,43,44,45,46,47,48,49,,Urban,,Table 3.2 (b),
National,Energy Demand & Consumption,Percentage distribution of households by main cooking technologies in the County,Cooking Technology,Parafin Cookstoves (Rural),,%,,,,,10,11,12,13,14,15,16,17,18,19,,Rural,,Table 3.2 (b),
National,Energy Demand & Consumption,Percentage distribution of households by main cooking technologies in the County,Cooking Technology,Electric hot plates/coil (Urban),,%,,,,,7,7,7,7,7,7,8,8,8,8,,Urban,,Table 3.2 (b),
National,Energy Demand & Consumption,Percentage distribution of households by main cooking technologies in the County,Cooking Technology,Electric hot plates/coil (Rural),,%,,,,,1,1,1,1,1,1,2,2,2,2,,Rural,,Table 3.2 (b),
National,Energy Demand & Consumption,Percentage distribution of households by main cooking technologies in the County,Cooking Technology,Electric pressure cookers (Urban),,%,,,,,2,2,2,2,3,3,3,4,4,4,,Urban,,Table 3.2 (b),
National,Energy Demand & Consumption,Percentage distribution of households by main cooking technologies in the County,Cooking Technology,Electric pressure cookers (Rural),,%,,,,,0,0,0,0,1,1,1,2,2,2,,Rural,,Table 3.2 (b),
National,Energy Demand & Consumption,Percentage distribution of households by main cooking technologies in the County,Cooking Technology,Microwave ovens (Urban),,%,,,,,1,1,1,1,1,1,1,1,1,1,,Urban,,Table 3.2 (b),
National,Energy Demand & Consumption,Percentage distribution of households by main cooking technologies in the County,Cooking Technology,Microwave ovens (Rural),,%,,,,,0,0,0,0,0,0,0,0,0,0,,Rural,,Table 3.2 (b),
National,Energy Demand & Consumption,Percentage distribution of households by main cooking technologies in the County,Cooking Technology,Induction stoves (Urban),,%,,,,,1,1,1,1,1,2,2,2,2,2,,Urban,,Table 3.2 (b),
National,Energy Demand & Consumption,Percentage distribution of households by main cooking technologies in the County,Cooking Technology,Induction stoves (Rural),,%,,,,,0,0,0,0,0,0,1,1,1,1,,Rural,,Table 3.2 (b),
National,Energy Demand & Consumption,Percentage of institutions by main source of cooking fuels in the County,Fuel type,Firewood,,,,,,,,,,,,,,,,,,,,Table 3.2 (c),
National,Energy Demand & Consumption,Percentage of institutions by main source of cooking fuels in the County,Fuel type,Charcoal,,,,,,,,,,,,,,,,,,,,Table 3.2 (c),
National,Energy Demand & Consumption,Percentage of institutions by main source of cooking fuels in the County,Fuel type,Briquettes,,,,,,,,,,,,,,,,,,,,Table 3.2 (c),
National,Energy Demand & Consumption,Percentage of institutions by main source of cooking fuels in the County,Fuel type,Pellets,,,,,,,,,,,,,,,,,,,,Table 3.2 (c),
National,Energy Demand & Consumption,Percentage of institutions by main source of cooking fuels in the County,Fuel type,Kerosene,,,,,,,,,,,,,,,,,,,,Table 3.2 (c),
National,Energy Demand & Consumption,Percentage of institutions by main source of cooking fuels in the County,Fuel type,Bioethanol,,,,,,,,,,,,,,,,,,,,Table 3.2 (c),
National,Energy Demand & Consumption,Percentage of institutions by main source of cooking fuels in the County,Fuel type,LPG,,,,,,,,,,,,,,,,,,,,Table 3.2 (c),
National,Energy Demand & Consumption,Percentage of institutions by main source of cooking fuels in the County,Fuel type,Electricity,,,,,,,,,,,,,,,,,,,,Table 3.2 (c),
National,Energy Demand & Consumption,Percentage of institutions by main cooking technology in the County,Cooking Technology,Three stone,,,,,,,,,,,,,,,,,,,,Table 3.2 (d),
National,Energy Demand & Consumption,Percentage of institutions by main cooking technology in the County,Cooking Technology,Inst rocket stoves,,,,,,,,,,,,,,,,,,,,Table 3.2 (d),
National,Energy Demand & Consumption,Percentage of institutions by main cooking technology in the County,Cooking Technology,LPG burner,,,,,,,,,,,,,,,,,,,,Table 3.2 (d),
National,Energy Demand & Consumption,Percentage of institutions by main cooking technology in the County,Cooking Technology,Electric stoves,,,,,,,,,,,,,,,,,,,,Table 3.2 (d),
National,Energy Demand & Consumption,Percentage of institutions by main cooking technology in the County,Cooking Technology,Steam technology,,,,,,,,,,,,,,,,,,,,Table 3.2 (d),
National,Energy Demand & Consumption,Percentage of MSMEs by source of cooking fuels in the County,Fuel type,Firewood,,,,,,,,,,,,,,,,,,,,Table 3.2 (e) ,
National,Energy Demand & Consumption,Percentage of MSMEs by source of cooking fuels in the County,Fuel type,Charcoal,,,,,,,,,,,,,,,,,,,,Table 3.2 (e) ,
National,Energy Demand & Consumption,Percentage of MSMEs by source of cooking fuels in the County,Fuel type,Briquettes,,,,,,,,,,,,,,,,,,,,Table 3.2 (e) ,
National,Energy Demand & Consumption,Percentage of MSMEs by source of cooking fuels in the County,Fuel type,Pellets,,,,,,,,,,,,,,,,,,,,Table 3.2 (e) ,
National,Energy Demand & Consumption,Percentage of MSMEs by source of cooking fuels in the County,Fuel type,Kerosene,,,,,,,,,,,,,,,,,,,,Table 3.2 (e) ,
National,Energy Demand & Consumption,Percentage of MSMEs by source of cooking fuels in the County,Fuel type,Bioethanol,,,,,,,,,,,,,,,,,,,,Table 3.2 (e) ,
National,Energy Demand & Consumption,Percentage of MSMEs by source of cooking fuels in the County,Fuel type,LPG,,,,,,,,,,,,,,,,,,,,Table 3.2 (e) ,
National,Energy Demand & Consumption,Percentage of MSMEs by source of cooking fuels in the County,Fuel type,Electricity,,,,,,,,,,,,,,,,,,,,Table 3.2 (e) ,
National,Energy Demand & Consumption,Percentage of MSMEs by main cooking technology in the County,Fuel type,Three stone,,,,,,,,,,,,,,,,,,,,Table 3.2 (f),
National,Energy Demand & Consumption,Percentage of MSMEs by main cooking technology in the County,Fuel type,Inst rocket stoves,,,,,,,,,,,,,,,,,,,,Table 3.2 (f),
National,Energy Demand & Consumption,Percentage of MSMEs by main cooking technology in the County,Fuel type,LPG stoves,,,,,,,,,,,,,,,,,,,,Table 3.2 (f),
National,Energy Demand & Consumption,Percentage of MSMEs by main cooking technology in the County,Fuel type,Electric stoves,,,,,,,,,,,,,,,,,,,,Table 3.2 (f),
National,Energy Demand & Consumption,Percentage of MSMEs by main cooking technology in the County,Fuel type,Steam technology,,,,,,,,,,,,,,,,,,,,Table 3.2 (f),
Kilifi,Socio-Economic & Institutional,Demographics,Demographics,Total population,,,,,1453787,,,1547747,,,1636510,,1696226,,,,,,,,CEP  (census data)
Kilifi,Socio-Economic & Institutional,Demographics,Demographics,Number of Households,,,,,302873,,,322448,,,340940,,353381,,,,,,,,CEP  (census data)
Kilifi,Socio-Economic & Institutional,Demographics,Demographics,Average Household size,,,,,4.0,,,,,,,,,,,,,,,,CEP  (census data)
Kilifi,Energy Resource Potential,County�s Energy Resources,Biomass,Wood fuel,N/A,,,,,,,,,,,,,,,,,,,Table 2.1,2.1.1 Woodfuel
Kilifi,Energy Resource Potential,County�s Energy Resources,Biomass,Agricultural residues,"12,250",MWha,,"Rea Vipingo Plantations, Kilifi Plantations Ltd., Tabu Estate Ltd.",,,,,,,,,,,,,,,,Table 2.2,2.1.3.1 Potential for Power Generation from Sisal Waste
Kilifi,Energy Resource Potential,County�s Energy Resources,Biomass,Animal waste,,Units,,,,,53,,,,,,,,,,220,,Baseline,Table 2.3,
Kilifi,Energy Resource Potential,County�s Energy Resources,Waste,Solid,"108,093.33",MWha,,"Mayungu, Mtondia, Katsimini",,,,,,,,,,,,,,,,Table 2.4,2.4 Municipal waste
Kilifi,Energy Resource Potential,County�s Energy Resources,Waste,Liquid,N/A,,,,,,,,,,,,,,,,,,,Table 2.5,
Kilifi,Energy Resource Potential,County�s Energy Resources,Geothermal,Potential for different sites,N/A,,,,,,,,,,,,,,,,,,,Table 2.6,
Kilifi,Energy Resource Potential,County�s Energy Resources,Hydro,Potential for different sites,73.317,MWa,,,,,,,,,,,,,,,,,,Table 2.7,2.1.4 Hydropower Resources
Kilifi,Energy Resource Potential,County�s Energy Resources,Solar,Solar radiation by area,"1,919",kWh/m2/year,,Gongoni salt farm with generation capacity of 0.98 MW and a 40 MW Malindi Solar PV plant in Malindi sub-county,,,,,,,,,,,,,,,,Table 2.8,2.2 Solar Energy Resource
Kilifi,Energy Resource Potential,County�s Energy Resources,Wind,Wind potential by area,111,W/m2,,,,,,,,,,,,,,,,,,Table 2.9,2.3 Wind Energy Resource
Kilifi,Energy Resource Potential,County�s Energy Resources,Fossil resources,Fossil resources - Including coal,36000,"Average Sediment 
thickness (m)",33 wells drilled,"Lamu, Mandera, Anza, Tertiary rift Basins",,,,,,,,,,,,,,,,Table 2.10,2.5 Fossil Fuel
Kilifi,Energy Resource Potential,County�s Energy Resources,Nuclear,Nuclear resources,N/A,,,,,,,,,,,,,,,,,,,Table 2.11,
Kilifi,Energy Resource Potential,County�s Energy Resources,Other energy resources,,N/A,,,,,,,,,,,,,,,,,,,Table 2.12,
Kilifi,Infrastructure & Access,Electricity Connectivity Progression in the County,Electricity connection,Total connectivity of households,,Units,,,,,,,"196,000","30,216","60,432","90,648","120,864","151,080","181,296",,,,,Table 3.1 (a)," 7.1.5 Table 113: M&E Framework�Projects and Programmes for Implementation of Universal Access to Electricity by 
Households and Institutions"
Kilifi,Infrastructure & Access,Electricity Connectivity Progression in the County,Electricity connection,Total connectivity of MSMEs ,,Units,,,,,,,,37,6,10,10,0,,,,,,Table 3.1 (a),7.1.5 Table 114: M&E Framework�Projects and Programmes for Implementation of Universal Access to Electricity by Households and Institutions
Kilifi,Infrastructure & Access,Electricity Connectivity Progression in the County,Electricity connection,Total connectivity of industries ,,Units,,,,,,,,,,,,,,,,,,Table 3.1 (a),
Kilifi,Infrastructure & Access,Electricity Connectivity Progression in the County,Electricity connection,Total connectivity of institutions ,,Units,,,,,,,,1137,153,201,200,192,,,,,,Table 3.1 (a)," 7.1.5 Table 113 & 114: M&E Framework�Projects and Programmes for Implementation of Universal Access to Electricity by 
Households and Institutions"
Kilifi,Infrastructure & Access,Electricity Connectivity Progression in the County,Electricity connection,Households connected to solar home systems (%),,Units,,,,,,,,,,,,,,,,,,Table 3.1 (a),
Kilifi,Infrastructure & Access,Electricity Connectivity Progression in the County,Electricity connection,Households connected to mini-grids (%),,Units,,,,,,,,,,,,,,,,,,Table 3.1 (a),
Kilifi,Infrastructure & Access,Electricity Connectivity Progression in the County,Electricity connection,Total connectivity of households,,%,,,58.5,,,81.3,,,90.2,,100,,,,,,,Table 3.1 (a),Table 24: Progression Connectivity of HHs to Electricity Connectivity for Scenario 1
Kilifi,Infrastructure & Access,Electricity Connectivity Progression in the County,Electricity connection,Total connectivity of institutions ,,%,,,38.5,61.6,,72.1,,,,,,,,,,,,Table 3.1 (a),3.2.6.2 Institutions
Kilifi,Infrastructure & Access,Electricity Connectivity Progression in the County,Electricity connection,Households connected to solar home systems (%),,%,,,20,,,32.2,,,43.8,,56.6,,,,,,,Table 3.1 (a),Table 24: Progression Connectivity of HHs to Electricity Connectivity for Scenario 5
Kilifi,Infrastructure & Access,Electricity Connectivity Progression in the County,Electricity connection,% of public facilities connected to grid,,%,,,,,,,,,,,,,,,,,,Table 3.1 (a),
Kilifi,Infrastructure & Access,Electricity Connectivity Progression in the County,Electricity connection,% of public facilities connected to off-grid mini-grid,,%,,,,,,,,,,,,,,,,,,Table 3.1 (a),
Kilifi,Infrastructure & Access,Electricity Connectivity Progression in the County,Electricity connection,% of public facilities with captive power systems,,%,,,,,,,,,,,,,,,,,,Table 3.1 (a),
Kilifi,Energy Demand & Consumption,Summary of Electricity Consumption in the County,Electricity consumption,Households (kWh),,kWh,,,,,,,,,,,,,,,,,,Table 3.1 (b),
Kilifi,Energy Demand & Consumption,Summary of Electricity Consumption in the County,Electricity consumption,Public Institutions / Facilities (kWh),,kWh,,,,,,,,,,,,,,,,,,Table 3.1 (b),
Kilifi,Energy Demand & Consumption,Summary of Electricity Consumption in the County,Electricity consumption,Commercial and Industrial Customers (kWh),,kWh,,,,,,,,,,,,,,,,,,Table 3.1 (b),
Kilifi,Energy Demand & Consumption,Summary of Electricity Consumption in the County,Electricity consumption,Street lighting (kWh),,kWh,,,,,,,,,,,,,,,,,,Table 3.1 (b),
Kilifi,Energy Demand & Consumption,Summary of Electricity Consumption in the County,Electricity consumption,Total units sold (kWh),,kWh,,,,,,,,,,,,,,,,,,Table 3.1 (b),
Kilifi,Energy Demand & Consumption,Percentage of households by main sources of cooking fuels in the County,Fuel type,Firewood,,Tonnes,,,58.1,,,,"366,314",,,,,"381,537",,,"378,351",N/A,Baseline,Table 3.2 (a),Table 78: Summary of Fuel Demand under Baseline Scenario (2023�2033
Kilifi,Energy Demand & Consumption,Percentage of households by main sources of cooking fuels in the County,Fuel type,Charcoal,,Tonnes,,,25.7,,,,"68,033",,,,,"74,987",,,"78,508",N/A,Baseline,Table 3.2 (a),Table 78: Summary of Fuel Demand under Baseline Scenario (2023�2034
Kilifi,Energy Demand & Consumption,Percentage of households by main sources of cooking fuels in the County,Fuel type,Briquettes,,Tonnes,,,N/A,,,,,,,,,"3,056",,,"7,185",N/A,Baseline,Table 3.2 (a),Table 78: Summary of Fuel Demand under Baseline Scenario (2023�2035
Kilifi,Energy Demand & Consumption,Percentage of households by main sources of cooking fuels in the County,Fuel type,Pellets,,Tonnes,,,N/A,,,,,,,,,,,,,N/A,Baseline,Table 3.2 (a),Table 78: Summary of Fuel Demand under Baseline Scenario (2023�2036
Kilifi,Energy Demand & Consumption,Percentage of households by main sources of cooking fuels in the County,Fuel type,Kerosene,,"1,000 L",,,5,,,,952,,,,,590,,,,N/A,Baseline,Table 3.2 (a),Table 78: Summary of Fuel Demand under Baseline Scenario (2023�2037
Kilifi,Energy Demand & Consumption,Percentage of households by main sources of cooking fuels in the County,Fuel type,Bioethanol,,"1,000 L",,,,,,,,,,,,"2,135",,,"5,101",N/A,Baseline,Table 3.2 (a),Table 78: Summary of Fuel Demand under Baseline Scenario (2023�2038
Kilifi,Energy Demand & Consumption,Percentage of households by main sources of cooking fuels in the County,Fuel type,Electricity,,MWh,,,0.5,,,,"2,831",,,,,"7,521",,,"13,789",N/A,Baseline,Table 3.2 (a),Table 78: Summary of Fuel Demand under Baseline Scenario (2023�2039
Kilifi,Energy Demand & Consumption,Percentage of households by main sources of cooking fuels in the County,Fuel type,LPG ,,Tonnes,,,10.7,,,,"3,089",,,,,"4,992",,,"7,353",N/A,Baseline,Table 3.2 (a),Table 78: Summary of Fuel Demand under Baseline Scenario (2023�2040
Kilifi,Energy Demand & Consumption,Percentage of households by main sources of cooking fuels in the County,Fuel type,LPG � 13 Kg Cylinder,,Tonnes,,,N/A,,,,,,,,,,,,,N/A,Baseline,Table 3.2 (a),Table 78: Summary of Fuel Demand under Baseline Scenario (2023�2041
Kilifi,Energy Demand & Consumption,Percentage of households by main sources of cooking fuels in the County,Fuel type,Others e.g. agricultural waste ,,"1,000 M3",,,,,,,94,,,,,181,,,285,N/A,Baseline,Table 3.2 (a),Table 78: Summary of Fuel Demand under Baseline Scenario (2023�2042
Kilifi,Energy Demand & Consumption,Percentage of households by main sources of cooking fuels in the County,Fuel type,Firewood,,Tonnes,,,58.1,,,,"366,314",,,,,"327,255",,,"243,628",N/A,Policy,Table 3.2 (a),Table 80: Summary of Fuel Demand under Policy Scenario (2023�2033)
Kilifi,Energy Demand & Consumption,Percentage of households by main sources of cooking fuels in the County,Fuel type,Charcoal,,Tonnes,,,25.7,,,,"68,033",,,,,"51,167",,,"32,553",N/A,Policy,Table 3.2 (a),Table 80: Summary of Fuel Demand under Policy Scenario (2023�2033)
Kilifi,Energy Demand & Consumption,Percentage of households by main sources of cooking fuels in the County,Fuel type,Briquettes,,Tonnes,,,N/A,,,,,,,,,"7,907",,,"18,422",N/A,Policy,Table 3.2 (a),Table 80: Summary of Fuel Demand under Policy Scenario (2023�2033)
Kilifi,Energy Demand & Consumption,Percentage of households by main sources of cooking fuels in the County,Fuel type,Pellets,,Tonnes,,,N/A,,,,,,,,,,,,,N/A,Policy,Table 3.2 (a),Table 80: Summary of Fuel Demand under Policy Scenario (2023�2033)
Kilifi,Energy Demand & Consumption,Percentage of households by main sources of cooking fuels in the County,Fuel type,Kerosene,,"1,000 L",,,5,,,,952,,,,,590,,,,N/A,Policy,Table 3.2 (a),Table 80: Summary of Fuel Demand under Policy Scenario (2023�2033)
Kilifi,Energy Demand & Consumption,Percentage of households by main sources of cooking fuels in the County,Fuel type,Bioethanol,,"1,000 L",,,,,,,,,,,,"3,022",,,"7,104",N/A,Policy,Table 3.2 (a),Table 80: Summary of Fuel Demand under Policy Scenario (2023�2033)
Kilifi,Energy Demand & Consumption,Percentage of households by main sources of cooking fuels in the County,Fuel type,Electricity,,MWh,,,0.5,,,,"2,831",,,,,"15,466",,,"32,969",N/A,Policy,Table 3.2 (a),Table 80: Summary of Fuel Demand under Policy Scenario (2023�2033)
Kilifi,Energy Demand & Consumption,Percentage of households by main sources of cooking fuels in the County,Fuel type,LPG ,,Tonnes,,,10.7,,,,"3,089",,,,,"6,032",,,"9,784",N/A,Policy,Table 3.2 (a),Table 80: Summary of Fuel Demand under Policy Scenario (2023�2033)
Kilifi,Energy Demand & Consumption,Percentage of households by main sources of cooking fuels in the County,Fuel type,LPG � 13 Kg Cylinder,,Tonnes,,,N/A,,,,,,,,,,,,,N/A,Policy,Table 3.2 (a),Table 80: Summary of Fuel Demand under Policy Scenario (2023�2033)
Kilifi,Energy Demand & Consumption,Percentage of households by main sources of cooking fuels in the County,Fuel type,Others e.g. agricultural waste ,,"1,000 M3",,,,,,,94,,,,,392,,,761,N/A,Policy,Table 3.2 (a),Table 80: Summary of Fuel Demand under Policy Scenario (2023�2033)
Kilifi,Energy Demand & Consumption,Percentage of households by main sources of cooking fuels in the County,Fuel type,Firewood,,Tonnes,,,N/A,N/A,N/A,N/A,N/A,N/A,N/A,N/A,N/A,N/A,N/A,N/A,N/A,N/A,SDG No. 7 Scenario,Table 3.2 (a),Table 80: Summary of Fuel Demand under Policy Scenario (2023�2033)
Kilifi,Energy Demand & Consumption,Percentage of households by main sources of cooking fuels in the County,Fuel type,Charcoal,,Tonnes,,,N/A,N/A,N/A,N/A,N/A,N/A,N/A,N/A,N/A,N/A,N/A,N/A,N/A,N/A,SDG No. 7 Scenario,Table 3.2 (a),Table 80: Summary of Fuel Demand under Policy Scenario (2023�2033)
Kilifi,Energy Demand & Consumption,Percentage of households by main sources of cooking fuels in the County,Fuel type,Briquettes,,Tonnes,,,N/A,N/A,N/A,N/A,N/A,N/A,N/A,N/A,N/A,N/A,N/A,N/A,N/A,N/A,SDG No. 7 Scenario,Table 3.2 (a),Table 80: Summary of Fuel Demand under Policy Scenario (2023�2033)
Kilifi,Energy Demand & Consumption,Percentage of households by main sources of cooking fuels in the County,Fuel type,Pellets,,Tonnes,,,N/A,N/A,N/A,N/A,N/A,N/A,N/A,N/A,N/A,N/A,N/A,N/A,N/A,N/A,SDG No. 7 Scenario,Table 3.2 (a),Table 80: Summary of Fuel Demand under Policy Scenario (2023�2033)
Kilifi,Energy Demand & Consumption,Percentage of households by main sources of cooking fuels in the County,Fuel type,Kerosene,,"1,000 L",,,N/A,N/A,N/A,N/A,N/A,N/A,N/A,N/A,N/A,N/A,N/A,N/A,N/A,N/A,SDG No. 7 Scenario,Table 3.2 (a),Table 80: Summary of Fuel Demand under Policy Scenario (2023�2033)
Kilifi,Energy Demand & Consumption,Percentage of households by main sources of cooking fuels in the County,Fuel type,Bioethanol,,"1,000 L",,,N/A,N/A,N/A,N/A,N/A,N/A,N/A,N/A,N/A,N/A,N/A,N/A,N/A,N/A,SDG No. 7 Scenario,Table 3.2 (a),Table 80: Summary of Fuel Demand under Policy Scenario (2023�2033)
Kilifi,Energy Demand & Consumption,Percentage of households by main sources of cooking fuels in the County,Fuel type,Electricity,,MWh,,,N/A,N/A,N/A,N/A,N/A,N/A,N/A,N/A,N/A,N/A,N/A,N/A,N/A,N/A,SDG No. 7 Scenario,Table 3.2 (a),Table 80: Summary of Fuel Demand under Policy Scenario (2023�2033)
Kilifi,Energy Demand & Consumption,Percentage of households by main sources of cooking fuels in the County,Fuel type,LPG ,,Tonnes,,,N/A,N/A,N/A,N/A,N/A,N/A,N/A,N/A,N/A,N/A,N/A,N/A,N/A,N/A,SDG No. 7 Scenario,Table 3.2 (a),Table 80: Summary of Fuel Demand under Policy Scenario (2023�2033)
Kilifi,Energy Demand & Consumption,Percentage of households by main sources of cooking fuels in the County,Fuel type,LPG � 13 Kg Cylinder,,Tonnes,,,N/A,N/A,N/A,N/A,N/A,N/A,N/A,N/A,N/A,N/A,N/A,N/A,N/A,N/A,SDG No. 7 Scenario,Table 3.2 (a),Table 80: Summary of Fuel Demand under Policy Scenario (2023�2033)
Kilifi,Energy Demand & Consumption,Percentage of households by main sources of cooking fuels in the County,Fuel type,Others e.g. agricultural waste ,,"1,000 M3",,,N/A,N/A,N/A,N/A,N/A,N/A,N/A,N/A,N/A,N/A,N/A,N/A,N/A,N/A,SDG No. 7 Scenario,Table 3.2 (a),Table 80: Summary of Fuel Demand under Policy Scenario (2023�2033)
Kilifi,Energy Demand & Consumption,Percentage distribution of households by main cooking technologies in the County,Cooking Technology,Three stone Open fire (Urban),,%,,,19.3,,,,42,,,,,32,,,20,N/A,Baseline,Table 3.2 (b),Table 92: The Percentage of Households� Primary Cookstove in Kilifi County; Table 77: Technology Adoption Rate � Urban and rural (Baseline Scenario)
Kilifi,Energy Demand & Consumption,Percentage distribution of households by main cooking technologies in the County,Cooking Technology,Three stone Open fire (Rural),,%,,,87.7,,,,97,,,,,71,,,45,N/A,Baseline,Table 3.2 (b),Table 92: The Percentage of Households� Primary Cookstove in Kilifi County; Table 77: Technology Adoption Rate � Urban and rural (Baseline Scenario)
Kilifi,Energy Demand & Consumption,Percentage distribution of households by main cooking technologies in the County,Cooking Technology,Improved charcoal stoves (Urban),,%,,,42,,,,79,,,,,82,,,85,N/A,Baseline,Table 3.2 (b),Table 92: The Percentage of Households� Primary Cookstove in Kilifi County; Table 77: Technology Adoption Rate � Urban and rural (Baseline Scenario)
Kilifi,Energy Demand & Consumption,Percentage distribution of households by main cooking technologies in the County,Cooking Technology,Improved charcoal stoves (Rural),,%,,,9.7,,,,19,,,,,22,,,25,N/A,Baseline,Table 3.2 (b),Table 92: The Percentage of Households� Primary Cookstove in Kilifi County; Table 77: Technology Adoption Rate � Urban and rural (Baseline Scenario)
Kilifi,Energy Demand & Consumption,Percentage distribution of households by main cooking technologies in the County,Cooking Technology,Advanced biomass stoves (gasifier and other Tier 3+ stoves) (Urban),,%,,,,,,,,,,,,2.5,,,,N/A,Baseline,Table 3.2 (b),Table 92: The Percentage of Households� Primary Cookstove in Kilifi County; Table 77: Technology Adoption Rate � Urban and rural (Baseline Scenario)
Kilifi,Energy Demand & Consumption,Percentage distribution of households by main cooking technologies in the County,Cooking Technology,Advanced biomass stoves (gasifier and other Tier 3+ stoves) (Rural),,%,,,,,,,,,,,,2.5,,,5,N/A,Baseline,Table 3.2 (b),Table 92: The Percentage of Households� Primary Cookstove in Kilifi County; Table 77: Technology Adoption Rate � Urban and rural (Baseline Scenario)
Kilifi,Energy Demand & Consumption,Percentage distribution of households by main cooking technologies in the County,Cooking Technology,Bioethanol stoves (Urban),,%,,,0,,,,,,,,,5,,,10,N/A,Baseline,Table 3.2 (b),Table 92: The Percentage of Households� Primary Cookstove in Kilifi County; Table 77: Technology Adoption Rate � Urban and rural (Baseline Scenario)
Kilifi,Energy Demand & Consumption,Percentage distribution of households by main cooking technologies in the County,Cooking Technology,Bioethanol stoves (Rural),,%,,,0.5,,,,,,,,,2.5,,,5,N/A,Baseline,Table 3.2 (b),Table 92: The Percentage of Households� Primary Cookstove in Kilifi County; Table 77: Technology Adoption Rate � Urban and rural (Baseline Scenario)
Kilifi,Energy Demand & Consumption,Percentage distribution of households by main cooking technologies in the County,Cooking Technology,Parafin Cookstoves (Urban),,%,,,1.1,,,,11,,,,,5.5,,,,N/A,Baseline,Table 3.2 (b),Table 92: The Percentage of Households� Primary Cookstove in Kilifi County; Table 77: Technology Adoption Rate � Urban and rural (Baseline Scenario)
Kilifi,Energy Demand & Consumption,Percentage distribution of households by main cooking technologies in the County,Cooking Technology,Parafin Cookstoves (Rural),,%,,,1,,,,6,,,,,3,,,,N/A,Baseline,Table 3.2 (b),Table 92: The Percentage of Households� Primary Cookstove in Kilifi County; Table 77: Technology Adoption Rate � Urban and rural (Baseline Scenario)
Kilifi,Energy Demand & Consumption,Percentage distribution of households by main cooking technologies in the County,Cooking Technology,Electric hot plates/coil (Urban),,%,,,0.7,,,,3,,,,,3.5,,,4,N/A,Baseline,Table 3.2 (b),Table 92: The Percentage of Households� Primary Cookstove in Kilifi County; Table 77: Technology Adoption Rate � Urban and rural (Baseline Scenario)
Kilifi,Energy Demand & Consumption,Percentage distribution of households by main cooking technologies in the County,Cooking Technology,Electric hot plates/coil (Rural),,%,,,0,,,,N/A,,,,,0.5,,,1,N/A,Baseline,Table 3.2 (b),Table 92: The Percentage of Households� Primary Cookstove in Kilifi County; Table 77: Technology Adoption Rate � Urban and rural (Baseline Scenario)
Kilifi,Energy Demand & Consumption,Percentage distribution of households by main cooking technologies in the County,Cooking Technology,Electric pressure cookers (Urban),,%,,,N/A,,,,N/A,,,,,1.5,,,3,N/A,Baseline,Table 3.2 (b),Table 92: The Percentage of Households� Primary Cookstove in Kilifi County; Table 77: Technology Adoption Rate � Urban and rural (Baseline Scenario)
Kilifi,Energy Demand & Consumption,Percentage distribution of households by main cooking technologies in the County,Cooking Technology,Electric pressure cookers (Rural),,%,,,N/A,,,,N/A,,,,,0.5,,,1,N/A,Baseline,Table 3.2 (b),Table 92: The Percentage of Households� Primary Cookstove in Kilifi County; Table 77: Technology Adoption Rate � Urban and rural (Baseline Scenario)
Kilifi,Energy Demand & Consumption,Percentage distribution of households by main cooking technologies in the County,Cooking Technology,LPG Cookstove (Urban),,%,,,24.7,,,,,,,,,,,,,N/A,Baseline,Table 3.2 (b),Table 92: The Percentage of Households� Primary Cookstove in Kilifi County
Kilifi,Energy Demand & Consumption,Percentage distribution of households by main cooking technologies in the County,Cooking Technology,LPG Cookstove (Rural),,%,,,0.1,,,,,,,,,,,,,N/A,Baseline,Table 3.2 (b),Table 92: The Percentage of Households� Primary Cookstove in Kilifi County
Kilifi,Energy Demand & Consumption,Percentage distribution of households by main cooking technologies in the County,Cooking Technology,Induction stoves (Urban),,%,,,N/A,,,,,,,,,,,,,N/A,Baseline,Table 3.2 (b),Table 92: The Percentage of Households� Primary Cookstove in Kilifi County
Kilifi,Energy Demand & Consumption,Percentage distribution of households by main cooking technologies in the County,Cooking Technology,Induction stoves (Rural),,%,,,N/A,,,,,,,,,,,,,N/A,Baseline,Table 3.2 (b),Table 92: The Percentage of Households� Primary Cookstove in Kilifi County
Kilifi,Energy Demand & Consumption,Percentage distribution of households by main cooking technologies in the County,Cooking Technology,Three stone Open fire (Urban),,%,,,58.1,,,,42,,,,,21,,,,N/A,Policy,Table 3.2 (b),Table 79: Technology Adoption Rate�Urban and Rural (Policy Scenario)
Kilifi,Energy Demand & Consumption,Percentage distribution of households by main cooking technologies in the County,Cooking Technology,Three stone Open fire (Rural),,%,,,58.1,,,,97,,,,,48.5,,,,N/A,Policy,Table 3.2 (b),Table 79: Technology Adoption Rate�Urban and Rural (Policy Scenario)
Kilifi,Energy Demand & Consumption,Percentage distribution of households by main cooking technologies in the County,Cooking Technology,Improved charcoal stoves (Urban),,%,,,19.2,,,,79,,,,,72,,,65,N/A,Policy,Table 3.2 (b),Table 79: Technology Adoption Rate�Urban and Rural (Policy Scenario)
Kilifi,Energy Demand & Consumption,Percentage distribution of households by main cooking technologies in the County,Cooking Technology,Improved charcoal stoves (Rural),,%,,,19.2,,,,19,,,,,14.5,,,10,N/A,Policy,Table 3.2 (b),Table 79: Technology Adoption Rate�Urban and Rural (Policy Scenario)
Kilifi,Energy Demand & Consumption,Percentage distribution of households by main cooking technologies in the County,Cooking Technology,Advanced biomass stoves (gasifier and other Tier 3+ stoves) (Urban),,%,,,,,,,,,,,,5,,,10,N/A,Policy,Table 3.2 (b),Table 79: Technology Adoption Rate�Urban and Rural (Policy Scenario)
Kilifi,Energy Demand & Consumption,Percentage distribution of households by main cooking technologies in the County,Cooking Technology,Advanced biomass stoves (gasifier and other Tier 3+ stoves) (Rural),,%,,,,,,,,,,,,7.5,,,15,N/A,Policy,Table 3.2 (b),Table 79: Technology Adoption Rate�Urban and Rural (Policy Scenario)
Kilifi,Energy Demand & Consumption,Percentage distribution of households by main cooking technologies in the County,Cooking Technology,Bioethanol stoves (Urban),,%,,,0.2,,,,,,,,,5,,,10,N/A,Policy,Table 3.2 (b),Table 79: Technology Adoption Rate�Urban and Rural (Policy Scenario)
Kilifi,Energy Demand & Consumption,Percentage distribution of households by main cooking technologies in the County,Cooking Technology,Bioethanol stoves (Rural),,%,,,0.2,,,,,,,,,5,,,10,N/A,Policy,Table 3.2 (b),Table 79: Technology Adoption Rate�Urban and Rural (Policy Scenario)
Kilifi,Energy Demand & Consumption,Percentage distribution of households by main cooking technologies in the County,Cooking Technology,Parafin Cookstoves (Urban),,%,,,4.5,,,,11,,,,,5.5,,,,N/A,Policy,Table 3.2 (b),Table 79: Technology Adoption Rate�Urban and Rural (Policy Scenario)
Kilifi,Energy Demand & Consumption,Percentage distribution of households by main cooking technologies in the County,Cooking Technology,Parafin Cookstoves (Rural),,%,,,4.5,,,,6,,,,,3,,,,N/A,Policy,Table 3.2 (b),Table 79: Technology Adoption Rate�Urban and Rural (Policy Scenario)
Kilifi,Energy Demand & Consumption,Percentage distribution of households by main cooking technologies in the County,Cooking Technology,Electric hot plates/coil (Urban),,%,,,0.5,,,,3,,,,,4,,,2,N/A,Policy,Table 3.2 (b),Table 79: Technology Adoption Rate�Urban and Rural (Policy Scenario)
Kilifi,Energy Demand & Consumption,Percentage distribution of households by main cooking technologies in the County,Cooking Technology,Electric hot plates/coil (Rural),,%,,,0.5,,,,N/A,,,,,1,,,1,N/A,Policy,Table 3.2 (b),Table 79: Technology Adoption Rate�Urban and Rural (Policy Scenario)
Kilifi,Energy Demand & Consumption,Percentage distribution of households by main cooking technologies in the County,Cooking Technology,Electric pressure cookers (Urban),,%,,,N/A,,,,N/A,,,,,6,,,12,N/A,Policy,Table 3.2 (b),Table 79: Technology Adoption Rate�Urban and Rural (Policy Scenario)
Kilifi,Energy Demand & Consumption,Percentage distribution of households by main cooking technologies in the County,Cooking Technology,Electric pressure cookers (Rural),,%,,,N/A,,,,N/A,,,,,1.5,,,3,N/A,Policy,Table 3.2 (b),Table 79: Technology Adoption Rate�Urban and Rural (Policy Scenario)
Kilifi,Energy Demand & Consumption,Percentage distribution of households by main cooking technologies in the County,Cooking Technology,Microwave ovens (Urban),,%,,,N/A,,,,,,,,,,,,,N/A,Policy,Table 3.2 (b),Table 79: Technology Adoption Rate�Urban and Rural (Policy Scenario)
Kilifi,Energy Demand & Consumption,Percentage distribution of households by main cooking technologies in the County,Cooking Technology,Microwave ovens (Rural),,%,,,N/A,,,,,,,,,,,,,N/A,Policy,Table 3.2 (b),Table 79: Technology Adoption Rate�Urban and Rural (Policy Scenario)
Kilifi,Energy Demand & Consumption,Percentage distribution of households by main cooking technologies in the County,Cooking Technology,Induction stoves (Urban),,%,,,N/A,,,,,,,,,,,,,N/A,Policy,Table 3.2 (b),Table 79: Technology Adoption Rate�Urban and Rural (Policy Scenario)
Kilifi,Energy Demand & Consumption,Percentage distribution of households by main cooking technologies in the County,Cooking Technology,Induction stoves (Rural),,%,,,N/A,,,,,,,,,,,,,N/A,Policy,Table 3.2 (b),Table 79: Technology Adoption Rate�Urban and Rural (Policy Scenario)
Kilifi,Energy Demand & Consumption,Percentage distribution of households by main cooking technologies in the County,Cooking Technology,Three stone Open fire (Urban),,%,,,58.1,,,,42,,,,,N/A,,,N/A,N/A,SDG No. 7 Scenario,Table 3.2 (b),Table 81: Technology Adoption Rate�Urban and Rural (SDG Scenario)
Kilifi,Energy Demand & Consumption,Percentage distribution of households by main cooking technologies in the County,Cooking Technology,Three stone Open fire (Rural),,%,,,58.1,,,,97,,,,,N/A,,,N/A,N/A,SDG No. 7 Scenario,Table 3.2 (b),Table 81: Technology Adoption Rate�Urban and Rural (SDG Scenario)
Kilifi,Energy Demand & Consumption,Percentage distribution of households by main cooking technologies in the County,Cooking Technology,Improved charcoal stoves (Urban),,%,,,19.2,,,,79,,,,,N/A,,,N/A,N/A,SDG No. 7 Scenario,Table 3.2 (b),Table 81: Technology Adoption Rate�Urban and Rural (SDG Scenario)
Kilifi,Energy Demand & Consumption,Percentage distribution of households by main cooking technologies in the County,Cooking Technology,Improved charcoal stoves (Rural),,%,,,19.2,,,,19,,,,,N/A,,,N/A,N/A,SDG No. 7 Scenario,Table 3.2 (b),Table 81: Technology Adoption Rate�Urban and Rural (SDG Scenario)
Kilifi,Energy Demand & Consumption,Percentage distribution of households by main cooking technologies in the County,Cooking Technology,Advanced biomass stoves (gasifier and other Tier 3+ stoves) (Urban),,%,,,,,,,N/A,,,,,N/A,,,N/A,N/A,SDG No. 7 Scenario,Table 3.2 (b),Table 81: Technology Adoption Rate�Urban and Rural (SDG Scenario)
Kilifi,Energy Demand & Consumption,Percentage distribution of households by main cooking technologies in the County,Cooking Technology,Advanced biomass stoves (gasifier and other Tier 3+ stoves) (Rural),,%,,,,,,,N/A,,,,,N/A,,,N/A,N/A,SDG No. 7 Scenario,Table 3.2 (b),Table 81: Technology Adoption Rate�Urban and Rural (SDG Scenario)
Kilifi,Energy Demand & Consumption,Percentage distribution of households by main cooking technologies in the County,Cooking Technology,Bioethanol stoves (Urban),,%,,,0.2,,,,N/A,,,,,25,,,50,N/A,SDG No. 7 Scenario,Table 3.2 (b),Table 81: Technology Adoption Rate�Urban and Rural (SDG Scenario)
Kilifi,Energy Demand & Consumption,Percentage distribution of households by main cooking technologies in the County,Cooking Technology,Bioethanol stoves (Rural),,%,,,0.2,,,,N/A,,,,,25,,,50,N/A,SDG No. 7 Scenario,Table 3.2 (b),Table 81: Technology Adoption Rate�Urban and Rural (SDG Scenario)
Kilifi,Energy Demand & Consumption,Percentage distribution of households by main cooking technologies in the County,Cooking Technology,Parafin Cookstoves (Urban),,%,,,4.5,,,,11,,,,,N/A,,,N/A,N/A,SDG No. 7 Scenario,Table 3.2 (b),Table 81: Technology Adoption Rate�Urban and Rural (SDG Scenario)
Kilifi,Energy Demand & Consumption,Percentage distribution of households by main cooking technologies in the County,Cooking Technology,Parafin Cookstoves (Rural),,%,,,4.5,,,,6,,,,,N/A,,,N/A,N/A,SDG No. 7 Scenario,Table 3.2 (b),Table 81: Technology Adoption Rate�Urban and Rural (SDG Scenario)
Kilifi,Energy Demand & Consumption,Percentage distribution of households by main cooking technologies in the County,Cooking Technology,Electric hot plates/coil (Urban),,%,,,0.5,,,,3,,,,,5.5,,,8,N/A,SDG No. 7 Scenario,Table 3.2 (b),Table 81: Technology Adoption Rate�Urban and Rural (SDG Scenario)
Kilifi,Energy Demand & Consumption,Percentage distribution of households by main cooking technologies in the County,Cooking Technology,Electric hot plates/coil (Rural),,%,,,0.5,,,,N/A,,,,,2.5,,,5,N/A,SDG No. 7 Scenario,Table 3.2 (b),Table 81: Technology Adoption Rate�Urban and Rural (SDG Scenario)
Kilifi,Energy Demand & Consumption,Percentage distribution of households by main cooking technologies in the County,Cooking Technology,Electric pressure cookers (Urban),,%,,,N/A,,,,N/A,,,,,7.5,,,15,N/A,SDG No. 7 Scenario,Table 3.2 (b),Table 81: Technology Adoption Rate�Urban and Rural (SDG Scenario)
Kilifi,Energy Demand & Consumption,Percentage distribution of households by main cooking technologies in the County,Cooking Technology,Electric pressure cookers (Rural),,%,,,N/A,,,,N/A,,,,,2.5,,,5,N/A,SDG No. 7 Scenario,Table 3.2 (b),Table 81: Technology Adoption Rate�Urban and Rural (SDG Scenario)
Kilifi,Energy Demand & Consumption,Percentage distribution of households by main cooking technologies in the County,Cooking Technology,Microwave ovens (Urban),,%,,,N/A,,,,,,,,,,,,,N/A,SDG No. 7 Scenario,Table 3.2 (b),Table 81: Technology Adoption Rate�Urban and Rural (SDG Scenario)
Kilifi,Energy Demand & Consumption,Percentage distribution of households by main cooking technologies in the County,Cooking Technology,Microwave ovens (Rural),,%,,,N/A,,,,,,,,,,,,,N/A,SDG No. 7 Scenario,Table 3.2 (b),Table 81: Technology Adoption Rate�Urban and Rural (SDG Scenario)
Kilifi,Energy Demand & Consumption,Percentage distribution of households by main cooking technologies in the County,Cooking Technology,Induction stoves (Urban),,%,,,N/A,,,,,,,,,,,,,N/A,SDG No. 7 Scenario,Table 3.2 (b),Table 81: Technology Adoption Rate�Urban and Rural (SDG Scenario)
Kilifi,Energy Demand & Consumption,Percentage distribution of households by main cooking technologies in the County,Cooking Technology,Induction stoves (Rural),,%,,,N/A,,,,,,,,,,,,,N/A,SDG No. 7 Scenario,Table 3.2 (b),Table 81: Technology Adoption Rate�Urban and Rural (SDG Scenario)
Kilifi,Energy Demand & Consumption,Percentage of institutions by main source of cooking fuels in the County,Fuel type,Firewood,,,,,58.2,,,,100,100,100,94,88.5,77.5,,,,N/A,N/A,Table 3.2 (c),3.4.8.2 Progression in Adoption of Clean Cooking Solutions in Education Institutions
Kilifi,Energy Demand & Consumption,Percentage of institutions by main source of cooking fuels in the County,Fuel type,Charcoal,,,,,21.9,,,,,,,,,,,,,N/A,N/A,Table 3.2 (c),
Kilifi,Energy Demand & Consumption,Percentage of institutions by main source of cooking fuels in the County,Fuel type,Briquettes,,,,,N/A,,,,,,,,,,,,,N/A,N/A,Table 3.2 (c),
Kilifi,Energy Demand & Consumption,Percentage of institutions by main source of cooking fuels in the County,Fuel type,Pellets,,,,,N/A,,,,,,,,,,,,,N/A,N/A,Table 3.2 (c),
Kilifi,Energy Demand & Consumption,Percentage of institutions by main source of cooking fuels in the County,Fuel type,Kerosene,,,,,7.4,,,,0,0,0,2,3,5,,,,N/A,N/A,Table 3.2 (c),3.4.8.2 Progression in Adoption of Clean Cooking Solutions in Education Institutions
Kilifi,Energy Demand & Consumption,Percentage of institutions by main source of cooking fuels in the County,Fuel type,Bioethanol,,,,,0.5,,,,,,,,,,,,,N/A,N/A,Table 3.2 (c),
Kilifi,Energy Demand & Consumption,Percentage of institutions by main source of cooking fuels in the County,Fuel type,LPG,,,,,11.1,,,,0,0,0,5,10,20,,,,N/A,N/A,Table 3.2 (c),3.4.8.2 Progression in Adoption of Clean Cooking Solutions in Education Institutions
Kilifi,Energy Demand & Consumption,Percentage of institutions by main source of cooking fuels in the County,Fuel type,Electricity,,,,,0.7,,,,,,,,,,,,,N/A,N/A,Table 3.2 (c),3.4.8.2 Progression in Adoption of Clean Cooking Solutions in Education Institutions
Kilifi,Energy Demand & Consumption,Percentage of institutions by main cooking technology in the County,Cooking Technology,Three stone,,,,,0.1,,,,,,,,,,,,,N/A,N/A,Table 3.2 (d),4.4.1.2 Energy for Cooking in Building; Figure 55: % Distribution of HHs by Cooking Fuel Source in Kilifi
Kilifi,Energy Demand & Consumption,Percentage of institutions by main cooking technology in the County,Cooking Technology,Inst rocket stoves,,,,,,,,,94,93.25,73.75,44.5,26,0,,,,N/A,N/A,Table 3.2 (d),3.4.8.2 Progression in Adoption of Clean Cooking Solutions in Education Institutions
Kilifi,Energy Demand & Consumption,Percentage of institutions by main cooking technology in the County,Cooking Technology,LPG burner,,,,,,,,,24,18,28.33333333,51.25,64,80,,,,N/A,N/A,Table 3.2 (d),3.4.8.2 Progression in Adoption of Clean Cooking Solutions in Education Institutions
Kilifi,Energy Demand & Consumption,Percentage of institutions by main cooking technology in the County,Cooking Technology,Electric stoves,,,,,,,,,0,0,0,4.25,10,20,,,,N/A,N/A,Table 3.2 (d),3.4.8.2 Progression in Adoption of Clean Cooking Solutions in Education Institutions
Kilifi,Energy Demand & Consumption,Percentage of institutions by main cooking technology in the County,Cooking Technology,Steam technology,,,,,,,,,,,,,,,,,,N/A,N/A,Table 3.2 (d),3.4.8.2 Progression in Adoption of Clean Cooking Solutions in Education Institutions
Kilifi,Energy Demand & Consumption,Percentage of MSMEs by source of cooking fuels in the County,Fuel type,Firewood,,%,,,,,,,,23,20,15,10,0,,,,N/A,N/A,Table 3.2 (e) ,3.4.8.3 Envisioned progression to clean cooking solutions in Hospitality Industry
Kilifi,Energy Demand & Consumption,Percentage of MSMEs by source of cooking fuels in the County,Fuel type,Charcoal,,%,,,,,,,,38.5,30,20,10,5,,,,N/A,N/A,Table 3.2 (e) ,3.4.8.3 Envisioned progression to clean cooking solutions in Hospitality Industry
Kilifi,Energy Demand & Consumption,Percentage of MSMEs by source of cooking fuels in the County,Fuel type,Briquettes,,%,,,,,,,,N/A,N/A,N/A,N/A,N/A,,,,N/A,N/A,Table 3.2 (e) ,3.4.8.3 Envisioned progression to clean cooking solutions in Hospitality Industry
Kilifi,Energy Demand & Consumption,Percentage of MSMEs by source of cooking fuels in the County,Fuel type,Pellets,,%,,,,,,,,N/A,N/A,N/A,N/A,N/A,,,,N/A,N/A,Table 3.2 (e) ,3.4.8.3 Envisioned progression to clean cooking solutions in Hospitality Industry
Kilifi,Energy Demand & Consumption,Percentage of MSMEs by source of cooking fuels in the County,Fuel type,Kerosene,,%,,,,,,,,N/A,N/A,N/A,N/A,N/A,,,,N/A,N/A,Table 3.2 (e) ,3.4.8.3 Envisioned progression to clean cooking solutions in Hospitality Industry
Kilifi,Energy Demand & Consumption,Percentage of MSMEs by source of cooking fuels in the County,Fuel type,Bioethanol,,%,,,,,,,,N/A,N/A,N/A,N/A,N/A,,,,N/A,N/A,Table 3.2 (e) ,3.4.8.3 Envisioned progression to clean cooking solutions in Hospitality Industry
Kilifi,Energy Demand & Consumption,Percentage of MSMEs by source of cooking fuels in the County,Fuel type,LPG,,%,,,,,,,,38.5,49,63,75,85,,,,N/A,N/A,Table 3.2 (e) ,3.4.8.3 Envisioned progression to clean cooking solutions in Hospitality Industry
Kilifi,Energy Demand & Consumption,Percentage of MSMEs by source of cooking fuels in the County,Fuel type,Electricity,,%,,,,,,,,0,1,2,5,10,,,,N/A,N/A,Table 3.2 (e) ,3.4.8.3 Envisioned progression to clean cooking solutions in Hospitality Industry
Kilifi,Energy Demand & Consumption,Percentage of MSMEs by main cooking technology in the County,Fuel type,Three stone,,%,,,,,,,43,40,30,20,10,0,,,,N/A,N/A,Table 3.2 (f),3.4.8.3 Envisioned progression to clean cooking solutions in Hospitality Industry
Kilifi,Energy Demand & Consumption,Percentage of MSMEs by main cooking technology in the County,Fuel type,Energy saving charcoal,,%,,,,,,,57,48,26,35,30,25,,,,N/A,N/A,Table 3.2 (f),3.4.8.3 Envisioned progression to clean cooking solutions in Hospitality Industry
Kilifi,Energy Demand & Consumption,Percentage of MSMEs by main cooking technology in the County,Fuel type,LPG stoves,,%,,,,,,,0,5,15,20,25,30,,,,N/A,N/A,Table 3.2 (f),3.4.8.3 Envisioned progression to clean cooking solutions in Hospitality Industry
Kilifi,Energy Demand & Consumption,Percentage of MSMEs by main cooking technology in the County,Fuel type,Electric stoves,,%,,,,,,,0,2,4,5,10,15,,,,N/A,N/A,Table 3.2 (f),3.4.8.3 Envisioned progression to clean cooking solutions in Hospitality Industry
Kilifi,Energy Demand & Consumption,Percentage of MSMEs by main cooking technology in the County,Fuel type,Improved cookstoves,,%,,,,,,,0,5,15,20,25,30,,,,N/A,N/A,Table 3.2 (f),3.4.8.3 Envisioned progression to clean cooking solutions in Hospitality Industry
Nyandarua,Socio-Economic & Institutional,Demographics,Demographics,Total population,,,,,638289.0,,,,,,,,,,,,,,,,Table 1: Nyandarua County fact sheet
Nyandarua,Socio-Economic & Institutional,Demographics,Demographics,Number of Households,,,,,179686.0,,,,,,,,,,,,,,,,Table 1: Nyandarua County fact sheet
Nyandarua,Socio-Economic & Institutional,Demographics,Demographics,Average Household size,,,,,3.5,,,,,,,,,,,,,,,,Table 1: Nyandarua County fact sheet
Nyandarua,Energy Resource Potential,County�s Energy Resources,Biomass,Wood fuel,"587,631",m�,,"Geta, Dundori, Ndaragwa, Ragia, North Kinangop, Laikipia, Aberdare, and One Forest, as well as Marmanet, Rumuruti, Ewaso Narok, and Lariak Forest",,,,,,,,,,,,,,,,Table 2.1,
Nyandarua,Energy Resource Potential,County�s Energy Resources,Biomass,Agricultural residues,,,,,,,,,,,,,,,,,,,,Table 2.2,
Nyandarua,Energy Resource Potential,County�s Energy Resources,Biomass,Animal waste,"98,111.2",m�,,,,,,,,,,,,,,,,,,Table 2.3,
Nyandarua,Energy Resource Potential,County�s Energy Resources,Waste,Solid,,,,,,,,,,,,,,,,,,,,Table 2.4,
Nyandarua,Energy Resource Potential,County�s Energy Resources,Waste,Liquid,,,,,,,,,,,,,,,,,,,,Table 2.5,
Nyandarua,Energy Resource Potential,County�s Energy Resources,Geothermal,Potential for different sites,,,,,,,,,,,,,,,,,,,,Table 2.6,
Nyandarua,Energy Resource Potential,County�s Energy Resources,Hydro,Potential for different sites,38.7,Mwa,,"Ndiara area, Ol Kalou ",,,,,,,,,,,,,,,,Table 2.7,2.3 Hydro Energy
Nyandarua,Energy Resource Potential,County�s Energy Resources,Solar,Solar radiation by area,"30,700,000",Kwha,,,,,,,,,,,,,,,,,,Table 2.8,
Nyandarua,Energy Resource Potential,County�s Energy Resources,Wind,Wind potential by area,,,,Kinangop Wind Power,,,,,,,,,,,,,,,,Table 2.9,
Nyandarua,Energy Resource Potential,County�s Energy Resources,Fossil resources,Fossil resources - Including coal,,,,,,,,,,,,,,,,,,,,Table 2.10,
Nyandarua,Energy Resource Potential,County�s Energy Resources,Nuclear,Nuclear resources,,,,,,,,,,,,,,,,,,,,Table 2.11,
Nyandarua,Energy Resource Potential,County�s Energy Resources,Other energy resources,,,,,,,,,,,,,,,,,,,,,Table 2.12,
Nyandarua,Infrastructure & Access,Electricity Connectivity Progression in the County,Electricity connection,Total connectivity of households,,Units,,,,,,,,,,,,,,,,,,Table 3.1 (a),
Nyandarua,Infrastructure & Access,Electricity Connectivity Progression in the County,Electricity connection,Total connectivity of MSMEs ,,Units,,,,,,,,,,,,,,,,,,Table 3.1 (a),
Nyandarua,Infrastructure & Access,Electricity Connectivity Progression in the County,Electricity connection,Total connectivity of industries ,,Units,,,,,,,,,,,,,,,,,,Table 3.1 (a),
Nyandarua,Infrastructure & Access,Electricity Connectivity Progression in the County,Electricity connection,Total connectivity of institutions ,,Units,,,,,,,,,,,,,,,,,,Table 3.1 (a),
Nyandarua,Infrastructure & Access,Electricity Connectivity Progression in the County,Electricity connection,Households connected to solar home systems (%),,Units,,,,,,,,,,,,,,,,,,Table 3.1 (a),
Nyandarua,Infrastructure & Access,Electricity Connectivity Progression in the County,Electricity connection,Households connected to mini-grids (%),,Units,,,,,,,,,,,,,,,,,,Table 3.1 (a),
Nyandarua,Infrastructure & Access,Electricity Connectivity Progression in the County,Electricity connection,Total connectivity of households,,%,,,41.6,,,,,,,,,,,,,,,Table 3.1 (a),Table 1: Nyandarua County fact sheet
Nyandarua,Infrastructure & Access,Electricity Connectivity Progression in the County,Electricity connection,Total connectivity of institutions ,,%,,,,,,,,,,,,,,,,,,Table 3.1 (a),
Nyandarua,Infrastructure & Access,Electricity Connectivity Progression in the County,Electricity connection,Households connected to solar home systems (%),,%,,,,,,,,,,,,,,,,,,Table 3.1 (a),
Nyandarua,Infrastructure & Access,Electricity Connectivity Progression in the County,Electricity connection,% of public facilities connected to grid,,%,,,,,,,,,,,,,,,,,,Table 3.1 (a),
Nyandarua,Infrastructure & Access,Electricity Connectivity Progression in the County,Electricity connection,% of public facilities connected to off-grid mini-grid,,%,,,,,,,,,,,,,,,,,,Table 3.1 (a),
Nyandarua,Infrastructure & Access,Electricity Connectivity Progression in the County,Electricity connection,% of public facilities with captive power systems,,%,,,,,,,,,,,,,,,,,,Table 3.1 (a),
Nyandarua,Energy Demand & Consumption,Summary of Electricity Consumption in the County,Electricity consumption,Households (kWh),,kWh,,,,,,,,,,,,,,,,,,Table 3.1 (b),
Nyandarua,Energy Demand & Consumption,Summary of Electricity Consumption in the County,Electricity consumption,Public Institutions / Facilities (kWh),,kWh,,,,,,,,,,,,,,,,,,Table 3.1 (b),
Nyandarua,Energy Demand & Consumption,Summary of Electricity Consumption in the County,Electricity consumption,Commercial and Industrial Customers (kWh),,kWh,,,,,,,,,,,,,,,,,,Table 3.1 (b),
Nyandarua,Energy Demand & Consumption,Summary of Electricity Consumption in the County,Electricity consumption,Street lighting (kWh),,kWh,,,,,,,,,,,,,,,,,,Table 3.1 (b),
Nyandarua,Energy Demand & Consumption,Summary of Electricity Consumption in the County,Electricity consumption,Total units sold (kWh),,kWh,,,,,,,,,,,,,,,,,,Table 3.1 (b),
Nyandarua,Energy Demand & Consumption,Percentage of households by main sources of cooking fuels in the County,Fuel type,Firewood %,,%,,,,,,,,,,,,,,,,,,Table 3.2 (a),
Nyandarua,Energy Demand & Consumption,Percentage of households by main sources of cooking fuels in the County,Fuel type,Charcoal %,,%,,,,,,,,,,,,,,,,,,Table 3.2 (a),
Nyandarua,Energy Demand & Consumption,Percentage of households by main sources of cooking fuels in the County,Fuel type,Briquettes %,,%,,,,,,,,,,,,,,,,,,Table 3.2 (a),
Nyandarua,Energy Demand & Consumption,Percentage of households by main sources of cooking fuels in the County,Fuel type,Pellets %,,%,,,,,,,,,,,,,,,,,,Table 3.2 (a),
Nyandarua,Energy Demand & Consumption,Percentage of households by main sources of cooking fuels in the County,Fuel type,Kerosene %,,%,,,,,,,,,,,,,,,,,,Table 3.2 (a),
Nyandarua,Energy Demand & Consumption,Percentage of households by main sources of cooking fuels in the County,Fuel type,Bioethanol %,,%,,,,,,,,,,,,,,,,,,Table 3.2 (a),
Nyandarua,Energy Demand & Consumption,Percentage of households by main sources of cooking fuels in the County,Fuel type,Electricity %,,%,,,,,,,,,,,,,,,,,,Table 3.2 (a),
Nyandarua,Energy Demand & Consumption,Percentage of households by main sources of cooking fuels in the County,Fuel type,LPG ,,%,,,,,,,,,,,,,,,,,,Table 3.2 (a),
Nyandarua,Energy Demand & Consumption,Percentage of households by main sources of cooking fuels in the County,Fuel type,LPG � 13 Kg Cylinder,,%,,,,,,,,,,,,,,,,,,Table 3.2 (a),
Nyandarua,Energy Demand & Consumption,Percentage of households by main sources of cooking fuels in the County,Fuel type,Others e.g. agricultural waste %,,%,,,,,,,,,,,,,,,,,,Table 3.2 (a),
Nyandarua,Energy Demand & Consumption,Percentage distribution of households by main cooking technologies in the County,Cooking Technology,Three stone Open fire (Urban),,%,,,,,20,18,16,14,12,10,9,8,7,6,,Urban,Baseline,Table 3.2 (b),Table 21: Technology Adoption Rate�Urban and Rural (Baseline Scenario)
Nyandarua,Energy Demand & Consumption,Percentage distribution of households by main cooking technologies in the County,Cooking Technology,Three stone Open fire (Rural),,%,,,,,65,63,61,59,57,55,53,51,49,47,,Rural,Baseline,Table 3.2 (b),
Nyandarua,Energy Demand & Consumption,Percentage distribution of households by main cooking technologies in the County,Cooking Technology,Improved charcoal stoves (Urban),,%,,,,,15,16,17,18,18,19,20,21,22,23,,Urban,Baseline,Table 3.2 (b),
Nyandarua,Energy Demand & Consumption,Percentage distribution of households by main cooking technologies in the County,Cooking Technology,Improved charcoal stoves (Rural),,%,,,,,8,9,10,10,11,12,13,14,15,16,,Rural,Baseline,Table 3.2 (b),
Nyandarua,Energy Demand & Consumption,Percentage distribution of households by main cooking technologies in the County,Cooking Technology,Advanced biomass stoves (gasifier and other Tier 3+ stoves) (Urban),,%,,,,,2,3,3,4,4,5,6,7,7,8,,Urban,Baseline,Table 3.2 (b),
Nyandarua,Energy Demand & Consumption,Percentage distribution of households by main cooking technologies in the County,Cooking Technology,Advanced biomass stoves (gasifier and other Tier 3+ stoves) (Rural),,%,,,,,1,1,1,1,2,2,2,3,3,4,,Rural,Baseline,Table 3.2 (b),
Nyandarua,Energy Demand & Consumption,Percentage distribution of households by main cooking technologies in the County,Cooking Technology,Bioethanol stoves (Urban),,%,,,,,2,2,3,3,4,4,5,5,6,6,,Urban,Baseline,Table 3.2 (b),
Nyandarua,Energy Demand & Consumption,Percentage distribution of households by main cooking technologies in the County,Cooking Technology,Bioethanol stoves (Rural),,%,,,,,0,0,0,0,1,1,1,2,2,3,,Rural,Baseline,Table 3.2 (b),
Nyandarua,Energy Demand & Consumption,Percentage distribution of households by main cooking technologies in the County,Cooking Technology,Parafin Cookstoves (Urban),,%,,,,,42,44,45,46,48,50,51,52,52,52,,Urban,Baseline,Table 3.2 (b),
Nyandarua,Energy Demand & Consumption,Percentage distribution of households by main cooking technologies in the County,Cooking Technology,Parafin Cookstoves (Rural),,%,,,,,13,14,15,16,17,18,19,20,21,22,,Rural,Baseline,Table 3.2 (b),
Nyandarua,Energy Demand & Consumption,Percentage distribution of households by main cooking technologies in the County,Cooking Technology,Electric hot plates/coil (Urban),,%,,,,,8,8,8,9,9,10,10,11,11,12,,Urban,Baseline,Table 3.2 (b),
Nyandarua,Energy Demand & Consumption,Percentage distribution of households by main cooking technologies in the County,Cooking Technology,Electric hot plates/coil (Rural),,%,,,,,2,2,2,2,2,2,3,3,3,3,,Rural,Baseline,Table 3.2 (b),
Nyandarua,Energy Demand & Consumption,Percentage distribution of households by main cooking technologies in the County,Cooking Technology,Electric pressure cookers (Urban),,%,,,,,3,3,3,4,4,4,5,5,6,6,,Urban,Baseline,Table 3.2 (b),
Nyandarua,Energy Demand & Consumption,Percentage distribution of households by main cooking technologies in the County,Cooking Technology,Electric pressure cookers (Rural),,%,,,,,1,1,1,1,1,1,1,2,2,2,,Rural,Baseline,Table 3.2 (b),
Nyandarua,Energy Demand & Consumption,Percentage distribution of households by main cooking technologies in the County,Cooking Technology,Microwave ovens (Urban),,%,,,,,1,1,1,1,2,2,2,2,2,2,,Urban,Baseline,Table 3.2 (b),
Nyandarua,Energy Demand & Consumption,Percentage distribution of households by main cooking technologies in the County,Cooking Technology,Microwave ovens (Rural),,%,,,,,0,0,0,0,0,0,0,0,1,1,,Rural,Baseline,Table 3.2 (b),
Nyandarua,Energy Demand & Consumption,Percentage distribution of households by main cooking technologies in the County,Cooking Technology,Induction stoves (Urban),,%,,,,,1,1,1,2,2,2,3,3,2,1,,Urban,Baseline,Table 3.2 (b),
Nyandarua,Energy Demand & Consumption,Percentage distribution of households by main cooking technologies in the County,Cooking Technology,Induction stoves (Rural),,%,,,,,1,1,1,2,2,2,3,3,2,1,,Rural,Baseline,Table 3.2 (b),
Nyandarua,Energy Demand & Consumption,Percentage distribution of households by main cooking technologies in the County,Cooking Technology,Three stone Open fire (Urban),,%,,,,,20,18,16,14,12,10,9,8,7,6,,Urban,Policy,Table 3.2 (b),Table 21: Technology Adoption Rate�Urban and Rural (Baseline Scenario)
Nyandarua,Energy Demand & Consumption,Percentage distribution of households by main cooking technologies in the County,Cooking Technology,Three stone Open fire (Rural),,%,,,,,65,63,61,59,57,55,53,51,49,47,,Rural,Policy,Table 3.2 (b),
Nyandarua,Energy Demand & Consumption,Percentage distribution of households by main cooking technologies in the County,Cooking Technology,Improved charcoal stoves (Urban),,%,,,,,15,16,17,18,18,19,20,21,22,23,,Urban,Policy,Table 3.2 (b),
Nyandarua,Energy Demand & Consumption,Percentage distribution of households by main cooking technologies in the County,Cooking Technology,Improved charcoal stoves (Rural),,%,,,,,8,9,10,10,11,12,13,14,15,16,,Rural,Policy,Table 3.2 (b),
Nyandarua,Energy Demand & Consumption,Percentage distribution of households by main cooking technologies in the County,Cooking Technology,Advanced biomass stoves (gasifier and other Tier 3+ stoves) (Urban),,%,,,,,2,3,3,4,4,5,6,7,7,8,,Urban,Policy,Table 3.2 (b),
Nyandarua,Energy Demand & Consumption,Percentage distribution of households by main cooking technologies in the County,Cooking Technology,Advanced biomass stoves (gasifier and other Tier 3+ stoves) (Rural),,%,,,,,1,1,1,1,2,2,2,3,3,4,,Rural,Policy,Table 3.2 (b),
Nyandarua,Energy Demand & Consumption,Percentage distribution of households by main cooking technologies in the County,Cooking Technology,Bioethanol stoves (Urban),,%,,,,,2,2,3,3,4,4,5,5,6,6,,Urban,Policy,Table 3.2 (b),
Nyandarua,Energy Demand & Consumption,Percentage distribution of households by main cooking technologies in the County,Cooking Technology,Bioethanol stoves (Rural),,%,,,,,0,0,0,0,1,1,1,2,2,3,,Rural,Policy,Table 3.2 (b),
Nyandarua,Energy Demand & Consumption,Percentage distribution of households by main cooking technologies in the County,Cooking Technology,Parafin Cookstoves (Urban),,%,,,,,42,44,45,46,48,50,51,52,52,52,,Urban,Policy,Table 3.2 (b),
Nyandarua,Energy Demand & Consumption,Percentage distribution of households by main cooking technologies in the County,Cooking Technology,Parafin Cookstoves (Rural),,%,,,,,13,14,15,16,17,18,19,20,21,22,,Rural,Policy,Table 3.2 (b),
Nyandarua,Energy Demand & Consumption,Percentage distribution of households by main cooking technologies in the County,Cooking Technology,Electric hot plates/coil (Urban),,%,,,,,8,8,8,9,9,10,10,11,11,12,,Urban,Policy,Table 3.2 (b),
Nyandarua,Energy Demand & Consumption,Percentage distribution of households by main cooking technologies in the County,Cooking Technology,Electric hot plates/coil (Rural),,%,,,,,2,2,2,2,2,2,3,3,3,3,,Rural,Policy,Table 3.2 (b),
Nyandarua,Energy Demand & Consumption,Percentage distribution of households by main cooking technologies in the County,Cooking Technology,Electric pressure cookers (Urban),,%,,,,,3,3,3,4,4,4,5,5,6,6,,Urban,Policy,Table 3.2 (b),
Nyandarua,Energy Demand & Consumption,Percentage distribution of households by main cooking technologies in the County,Cooking Technology,Electric pressure cookers (Rural),,%,,,,,1,1,1,1,1,1,1,2,2,2,,Rural,Policy,Table 3.2 (b),
Nyandarua,Energy Demand & Consumption,Percentage distribution of households by main cooking technologies in the County,Cooking Technology,Microwave ovens (Urban),,%,,,,,1,1,1,1,2,2,2,2,2,2,,Urban,Policy,Table 3.2 (b),
Nyandarua,Energy Demand & Consumption,Percentage distribution of households by main cooking technologies in the County,Cooking Technology,Microwave ovens (Rural),,%,,,,,0,0,0,0,0,0,0,0,1,1,,Rural,Policy,Table 3.2 (b),
Nyandarua,Energy Demand & Consumption,Percentage distribution of households by main cooking technologies in the County,Cooking Technology,Induction stoves (Urban),,%,,,,,1,1,1,2,2,2,3,3,2,1,,Urban,Policy,Table 3.2 (b),
Nyandarua,Energy Demand & Consumption,Percentage distribution of households by main cooking technologies in the County,Cooking Technology,Induction stoves (Rural),,%,,,,,1,1,1,2,2,2,3,3,2,1,,Rural,Policy,Table 3.2 (b),
Nyandarua,Energy Demand & Consumption,Percentage distribution of households by main cooking technologies in the County,Cooking Technology,Three stone Open fire (Urban),,%,,,,,20,18,16,14,12,10,9,8,7,6,,Urban,SDG No. 7 Scenario,Table 3.2 (b),Table 21: Technology Adoption Rate�Urban and Rural (Baseline Scenario)
Nyandarua,Energy Demand & Consumption,Percentage distribution of households by main cooking technologies in the County,Cooking Technology,Three stone Open fire (Rural),,%,,,,,65,63,61,59,57,55,53,51,49,47,,Rural,SDG No. 7 Scenario,Table 3.2 (b),
Nyandarua,Energy Demand & Consumption,Percentage distribution of households by main cooking technologies in the County,Cooking Technology,Improved charcoal stoves (Urban),,%,,,,,15,16,17,18,18,19,20,21,22,23,,Urban,SDG No. 7 Scenario,Table 3.2 (b),
Nyandarua,Energy Demand & Consumption,Percentage distribution of households by main cooking technologies in the County,Cooking Technology,Improved charcoal stoves (Rural),,%,,,,,8,9,10,10,11,12,13,14,15,16,,Rural,SDG No. 7 Scenario,Table 3.2 (b),
Nyandarua,Energy Demand & Consumption,Percentage distribution of households by main cooking technologies in the County,Cooking Technology,Advanced biomass stoves (gasifier and other Tier 3+ stoves) (Urban),,%,,,,,2,3,3,4,4,5,6,7,7,8,,Urban,SDG No. 7 Scenario,Table 3.2 (b),
Nyandarua,Energy Demand & Consumption,Percentage distribution of households by main cooking technologies in the County,Cooking Technology,Advanced biomass stoves (gasifier and other Tier 3+ stoves) (Rural),,%,,,,,1,1,1,1,2,2,2,3,3,4,,Rural,SDG No. 7 Scenario,Table 3.2 (b),
Nyandarua,Energy Demand & Consumption,Percentage distribution of households by main cooking technologies in the County,Cooking Technology,Bioethanol stoves (Urban),,%,,,,,2,2,3,3,4,4,5,5,6,6,,Urban,SDG No. 7 Scenario,Table 3.2 (b),
Nyandarua,Energy Demand & Consumption,Percentage distribution of households by main cooking technologies in the County,Cooking Technology,Bioethanol stoves (Rural),,%,,,,,0,0,0,0,1,1,1,2,2,3,,Rural,SDG No. 7 Scenario,Table 3.2 (b),
Nyandarua,Energy Demand & Consumption,Percentage distribution of households by main cooking technologies in the County,Cooking Technology,Parafin Cookstoves (Urban),,%,,,,,42,44,45,46,48,50,51,52,52,52,,Urban,SDG No. 7 Scenario,Table 3.2 (b),
Nyandarua,Energy Demand & Consumption,Percentage distribution of households by main cooking technologies in the County,Cooking Technology,Parafin Cookstoves (Rural),,%,,,,,13,14,15,16,17,18,19,20,21,22,,Rural,SDG No. 7 Scenario,Table 3.2 (b),
Nyandarua,Energy Demand & Consumption,Percentage distribution of households by main cooking technologies in the County,Cooking Technology,Electric hot plates/coil (Urban),,%,,,,,8,8,8,9,9,10,10,11,11,12,,Urban,SDG No. 7 Scenario,Table 3.2 (b),
Nyandarua,Energy Demand & Consumption,Percentage distribution of households by main cooking technologies in the County,Cooking Technology,Electric hot plates/coil (Rural),,%,,,,,2,2,2,2,2,2,3,3,3,3,,Rural,SDG No. 7 Scenario,Table 3.2 (b),
Nyandarua,Energy Demand & Consumption,Percentage distribution of households by main cooking technologies in the County,Cooking Technology,Electric pressure cookers (Urban),,%,,,,,3,3,3,4,4,4,5,5,6,6,,Urban,SDG No. 7 Scenario,Table 3.2 (b),
Nyandarua,Energy Demand & Consumption,Percentage distribution of households by main cooking technologies in the County,Cooking Technology,Electric pressure cookers (Rural),,%,,,,,1,1,1,1,1,1,1,2,2,2,,Rural,SDG No. 7 Scenario,Table 3.2 (b),
Nyandarua,Energy Demand & Consumption,Percentage distribution of households by main cooking technologies in the County,Cooking Technology,Microwave ovens (Urban),,%,,,,,1,1,1,1,2,2,2,2,2,2,,Urban,SDG No. 7 Scenario,Table 3.2 (b),
Nyandarua,Energy Demand & Consumption,Percentage distribution of households by main cooking technologies in the County,Cooking Technology,Microwave ovens (Rural),,%,,,,,0,0,0,0,0,0,0,0,1,1,,Rural,SDG No. 7 Scenario,Table 3.2 (b),
Nyandarua,Energy Demand & Consumption,Percentage distribution of households by main cooking technologies in the County,Cooking Technology,Induction stoves (Urban),,%,,,,,1,1,1,2,2,2,3,3,2,1,,Urban,SDG No. 7 Scenario,Table 3.2 (b),
Nyandarua,Energy Demand & Consumption,Percentage distribution of households by main cooking technologies in the County,Cooking Technology,Induction stoves (Rural),,%,,,,,1,1,1,2,2,2,3,3,2,1,,Rural,SDG No. 7 Scenario,Table 3.2 (b),
Nyandarua,Energy Demand & Consumption,Percentage of institutions by main source of cooking fuels in the County,Fuel type,Firewood,,,,,,,,,,,,,,,,,,,,Table 3.2 (c),
Nyandarua,Energy Demand & Consumption,Percentage of institutions by main source of cooking fuels in the County,Fuel type,Charcoal,,,,,,,,,,,,,,,,,,,,Table 3.2 (c),
Nyandarua,Energy Demand & Consumption,Percentage of institutions by main source of cooking fuels in the County,Fuel type,Briquettes,,,,,,,,,,,,,,,,,,,,Table 3.2 (c),
Nyandarua,Energy Demand & Consumption,Percentage of institutions by main source of cooking fuels in the County,Fuel type,Pellets,,,,,,,,,,,,,,,,,,,,Table 3.2 (c),
Nyandarua,Energy Demand & Consumption,Percentage of institutions by main source of cooking fuels in the County,Fuel type,Kerosene,,,,,,,,,,,,,,,,,,,,Table 3.2 (c),
Nyandarua,Energy Demand & Consumption,Percentage of institutions by main source of cooking fuels in the County,Fuel type,Bioethanol,,,,,,,,,,,,,,,,,,,,Table 3.2 (c),
Nyandarua,Energy Demand & Consumption,Percentage of institutions by main source of cooking fuels in the County,Fuel type,LPG,,,,,,,,,,,,,,,,,,,,Table 3.2 (c),
Nyandarua,Energy Demand & Consumption,Percentage of institutions by main source of cooking fuels in the County,Fuel type,Electricity,,,,,,,,,,,,,,,,,,,,Table 3.2 (c),
Nyandarua,Energy Demand & Consumption,Percentage of institutions by main cooking technology in the County,Cooking Technology,Three stone,,,,,,,,,,,,,,,,,,,,Table 3.2 (d),
Nyandarua,Energy Demand & Consumption,Percentage of institutions by main cooking technology in the County,Cooking Technology,Inst rocket stoves,,,,,,,,,,,,,,,,,,,,Table 3.2 (d),
Nyandarua,Energy Demand & Consumption,Percentage of institutions by main cooking technology in the County,Cooking Technology,LPG burner,,,,,,,,,,,,,,,,,,,,Table 3.2 (d),
Nyandarua,Energy Demand & Consumption,Percentage of institutions by main cooking technology in the County,Cooking Technology,Electric stoves,,,,,,,,,,,,,,,,,,,,Table 3.2 (d),
Nyandarua,Energy Demand & Consumption,Percentage of institutions by main cooking technology in the County,Cooking Technology,Steam technology,,,,,,,,,,,,,,,,,,,,Table 3.2 (d),
Nyandarua,Energy Demand & Consumption,Percentage of MSMEs by source of cooking fuels in the County,Fuel type,Firewood,,,,,,,,,,,,,,,,,,,,Table 3.2 (e) ,
Nyandarua,Energy Demand & Consumption,Percentage of MSMEs by source of cooking fuels in the County,Fuel type,Charcoal,,,,,,,,,,,,,,,,,,,,Table 3.2 (e) ,
Nyandarua,Energy Demand & Consumption,Percentage of MSMEs by source of cooking fuels in the County,Fuel type,Briquettes,,,,,,,,,,,,,,,,,,,,Table 3.2 (e) ,
Nyandarua,Energy Demand & Consumption,Percentage of MSMEs by source of cooking fuels in the County,Fuel type,Pellets,,,,,,,,,,,,,,,,,,,,Table 3.2 (e) ,
Nyandarua,Energy Demand & Consumption,Percentage of MSMEs by source of cooking fuels in the County,Fuel type,Kerosene,,,,,,,,,,,,,,,,,,,,Table 3.2 (e) ,
Nyandarua,Energy Demand & Consumption,Percentage of MSMEs by source of cooking fuels in the County,Fuel type,Bioethanol,,,,,,,,,,,,,,,,,,,,Table 3.2 (e) ,
Nyandarua,Energy Demand & Consumption,Percentage of MSMEs by source of cooking fuels in the County,Fuel type,LPG,,,,,,,,,,,,,,,,,,,,Table 3.2 (e) ,
Nyandarua,Energy Demand & Consumption,Percentage of MSMEs by source of cooking fuels in the County,Fuel type,Electricity,,,,,,,,,,,,,,,,,,,,Table 3.2 (e) ,
Nyandarua,Energy Demand & Consumption,Percentage of MSMEs by main cooking technology in the County,Fuel type,Three stone,,,,,,,,,,,,,,,,,,,,Table 3.2 (f),
Nyandarua,Energy Demand & Consumption,Percentage of MSMEs by main cooking technology in the County,Fuel type,Inst rocket stoves,,,,,,,,,,,,,,,,,,,,Table 3.2 (f),
Nyandarua,Energy Demand & Consumption,Percentage of MSMEs by main cooking technology in the County,Fuel type,LPG stoves,,,,,,,,,,,,,,,,,,,,Table 3.2 (f),
Nyandarua,Energy Demand & Consumption,Percentage of MSMEs by main cooking technology in the County,Fuel type,Electric stoves,,,,,,,,,,,,,,,,,,,,Table 3.2 (f),
Nyandarua,Energy Demand & Consumption,Percentage of MSMEs by main cooking technology in the County,Fuel type,Steam technology,,,,,,,,,,,,,,,,,,,,Table 3.2 (f),
Kiambu,Socio-Economic & Institutional,Demographics,Demographics,Total population,,,,,,,,,,,,,,,,,,,,,
Kiambu,Socio-Economic & Institutional,Demographics,Demographics,Number of Households,,,,,,,,,,,,,,,,,,,,,
Kiambu,Socio-Economic & Institutional,Demographics,Demographics,Average Household size,,,,,,,,,,,,,,,,,,,,,
Kiambu,Energy Resource Potential,County�s Energy Resources,Biomass,Wood fuel,,,,,,,,,,,,,,,,,,,,Table 2.1,
Kiambu,Energy Resource Potential,County�s Energy Resources,Biomass,Agricultural residues,,,,,,,,,,,,,,,,,,,,Table 2.2,
Kiambu,Energy Resource Potential,County�s Energy Resources,Biomass,Animal waste,,,,,,,,,,,,,,,,,,,,Table 2.3,
Kiambu,Energy Resource Potential,County�s Energy Resources,Waste,Solid,,,,,,,,,,,,,,,,,,,,Table 2.4,
Kiambu,Energy Resource Potential,County�s Energy Resources,Waste,Liquid,,,,,,,,,,,,,,,,,,,,Table 2.5,
Kiambu,Energy Resource Potential,County�s Energy Resources,Geothermal,Potential for different sites,,,,,,,,,,,,,,,,,,,,Table 2.6,
Kiambu,Energy Resource Potential,County�s Energy Resources,Hydro,Potential for different sites,,,,,,,,,,,,,,,,,,,,Table 2.7,
Kiambu,Energy Resource Potential,County�s Energy Resources,Solar,Solar radiation by area,,,,,,,,,,,,,,,,,,,,Table 2.8,
Kiambu,Energy Resource Potential,County�s Energy Resources,Wind,Wind potential by area,,,,,,,,,,,,,,,,,,,,Table 2.9,
Kiambu,Energy Resource Potential,County�s Energy Resources,Fossil resources,Fossil resources - Including coal,,,,,,,,,,,,,,,,,,,,Table 2.10,
Kiambu,Energy Resource Potential,County�s Energy Resources,Nuclear,Nuclear resources,,,,,,,,,,,,,,,,,,,,Table 2.11,
Kiambu,Energy Resource Potential,County�s Energy Resources,Other energy resources,,,,,,,,,,,,,,,,,,,,,Table 2.12,
Kiambu,Infrastructure & Access,Electricity Connectivity Progression in the County,Electricity connection,Total connectivity of households,,Units,,,,,,,,,,,,,,,,,,Table 3.1 (a),
Kiambu,Infrastructure & Access,Electricity Connectivity Progression in the County,Electricity connection,Total connectivity of MSMEs ,,Units,,,,,,,,,,,,,,,,,,Table 3.1 (a),
Kiambu,Infrastructure & Access,Electricity Connectivity Progression in the County,Electricity connection,Total connectivity of industries ,,Units,,,,,,,,,,,,,,,,,,Table 3.1 (a),
Kiambu,Infrastructure & Access,Electricity Connectivity Progression in the County,Electricity connection,Total connectivity of institutions ,,Units,,,,,,,,,,,,,,,,,,Table 3.1 (a),
Kiambu,Infrastructure & Access,Electricity Connectivity Progression in the County,Electricity connection,Households connected to solar home systems (%),,Units,,,,,,,,,,,,,,,,,,Table 3.1 (a),
Kiambu,Infrastructure & Access,Electricity Connectivity Progression in the County,Electricity connection,Households connected to mini-grids (%),,Units,,,,,,,,,,,,,,,,,,Table 3.1 (a),
Kiambu,Infrastructure & Access,Electricity Connectivity Progression in the County,Electricity connection,Total connectivity of households,,%,,,,,,,,,,,,,,,,,,Table 3.1 (a),
Kiambu,Infrastructure & Access,Electricity Connectivity Progression in the County,Electricity connection,Total connectivity of institutions ,,%,,,,,,,,,,,,,,,,,,Table 3.1 (a),
Kiambu,Infrastructure & Access,Electricity Connectivity Progression in the County,Electricity connection,Households connected to solar home systems (%),,%,,,,,,,,,,,,,,,,,,Table 3.1 (a),
Kiambu,Infrastructure & Access,Electricity Connectivity Progression in the County,Electricity connection,% of public facilities connected to grid,,%,,,,,,,,,,,,,,,,,,Table 3.1 (a),
Kiambu,Infrastructure & Access,Electricity Connectivity Progression in the County,Electricity connection,% of public facilities connected to off-grid mini-grid,,%,,,,,,,,,,,,,,,,,,Table 3.1 (a),
Kiambu,Infrastructure & Access,Electricity Connectivity Progression in the County,Electricity connection,% of public facilities with captive power systems,,%,,,,,,,,,,,,,,,,,,Table 3.1 (a),
Kiambu,Energy Demand & Consumption,Summary of Electricity Consumption in the County,Electricity consumption,Households (kWh),,kWh,,,,,,,,,,,,,,,,,,Table 3.1 (b),
Kiambu,Energy Demand & Consumption,Summary of Electricity Consumption in the County,Electricity consumption,Public Institutions / Facilities (kWh),,kWh,,,,,,,,,,,,,,,,,,Table 3.1 (b),
Kiambu,Energy Demand & Consumption,Summary of Electricity Consumption in the County,Electricity consumption,Commercial and Industrial Customers (kWh),,kWh,,,,,,,,,,,,,,,,,,Table 3.1 (b),
Kiambu,Energy Demand & Consumption,Summary of Electricity Consumption in the County,Electricity consumption,Street lighting (kWh),,kWh,,,,,,,,,,,,,,,,,,Table 3.1 (b),
Kiambu,Energy Demand & Consumption,Summary of Electricity Consumption in the County,Electricity consumption,Total units sold (kWh),,kWh,,,,,,,,,,,,,,,,,,Table 3.1 (b),
Kiambu,Energy Demand & Consumption,Percentage of households by main sources of cooking fuels in the County,Fuel type,Firewood %,,%,,,,,,,,,,,,,,,,,,Table 3.2 (a),
Kiambu,Energy Demand & Consumption,Percentage of households by main sources of cooking fuels in the County,Fuel type,Charcoal %,,%,,,,,,,,,,,,,,,,,,Table 3.2 (a),
Kiambu,Energy Demand & Consumption,Percentage of households by main sources of cooking fuels in the County,Fuel type,Briquettes %,,%,,,,,,,,,,,,,,,,,,Table 3.2 (a),
Kiambu,Energy Demand & Consumption,Percentage of households by main sources of cooking fuels in the County,Fuel type,Pellets %,,%,,,,,,,,,,,,,,,,,,Table 3.2 (a),
Kiambu,Energy Demand & Consumption,Percentage of households by main sources of cooking fuels in the County,Fuel type,Kerosene %,,%,,,,,,,,,,,,,,,,,,Table 3.2 (a),
Kiambu,Energy Demand & Consumption,Percentage of households by main sources of cooking fuels in the County,Fuel type,Bioethanol %,,%,,,,,,,,,,,,,,,,,,Table 3.2 (a),
Kiambu,Energy Demand & Consumption,Percentage of households by main sources of cooking fuels in the County,Fuel type,Electricity %,,%,,,,,,,,,,,,,,,,,,Table 3.2 (a),
Kiambu,Energy Demand & Consumption,Percentage of households by main sources of cooking fuels in the County,Fuel type,LPG ,,%,,,,,,,,,,,,,,,,,,Table 3.2 (a),
Kiambu,Energy Demand & Consumption,Percentage of households by main sources of cooking fuels in the County,Fuel type,LPG � 13 Kg Cylinder,,%,,,,,,,,,,,,,,,,,,Table 3.2 (a),
Kiambu,Energy Demand & Consumption,Percentage of households by main sources of cooking fuels in the County,Fuel type,Others e.g. agricultural waste %,,%,,,,,,,,,,,,,,,,,,Table 3.2 (a),
Kiambu,Energy Demand & Consumption,Percentage distribution of households by main cooking technologies in the County,Cooking Technology,Three stone Open fire (Urban),,%,,,,,,,,,,,,,,,,Rural,,Table 3.2 (b),
Kiambu,Energy Demand & Consumption,Percentage distribution of households by main cooking technologies in the County,Cooking Technology,Three stone Open fire (Rural),,%,,,,,,,,,,,,,,,,Urban,,Table 3.2 (b),
Kiambu,Energy Demand & Consumption,Percentage distribution of households by main cooking technologies in the County,Cooking Technology,Improved charcoal stoves (Urban),,%,,,,,,,,,,,,,,,,Rural,,Table 3.2 (b),
Kiambu,Energy Demand & Consumption,Percentage distribution of households by main cooking technologies in the County,Cooking Technology,Improved charcoal stoves (Rural),,%,,,,,,,,,,,,,,,,Urban,,Table 3.2 (b),
Kiambu,Energy Demand & Consumption,Percentage distribution of households by main cooking technologies in the County,Cooking Technology,Advanced biomass stoves (gasifier and other Tier 3+ stoves) (Urban),,%,,,,,,,,,,,,,,,,Rural,,Table 3.2 (b),
Kiambu,Energy Demand & Consumption,Percentage distribution of households by main cooking technologies in the County,Cooking Technology,Advanced biomass stoves (gasifier and other Tier 3+ stoves) (Rural),,%,,,,,,,,,,,,,,,,Urban,,Table 3.2 (b),
Kiambu,Energy Demand & Consumption,Percentage distribution of households by main cooking technologies in the County,Cooking Technology,Bioethanol stoves (Urban),,%,,,,,,,,,,,,,,,,Rural,,Table 3.2 (b),
Kiambu,Energy Demand & Consumption,Percentage distribution of households by main cooking technologies in the County,Cooking Technology,Bioethanol stoves (Rural),,%,,,,,,,,,,,,,,,,Urban,,Table 3.2 (b),
Kiambu,Energy Demand & Consumption,Percentage distribution of households by main cooking technologies in the County,Cooking Technology,Parafin Cookstoves (Urban),,%,,,,,,,,,,,,,,,,Rural,,Table 3.2 (b),
Kiambu,Energy Demand & Consumption,Percentage distribution of households by main cooking technologies in the County,Cooking Technology,Parafin Cookstoves (Rural),,%,,,,,,,,,,,,,,,,Urban,,Table 3.2 (b),
Kiambu,Energy Demand & Consumption,Percentage distribution of households by main cooking technologies in the County,Cooking Technology,Electric hot plates/coil (Urban),,%,,,,,,,,,,,,,,,,Rural,,Table 3.2 (b),
Kiambu,Energy Demand & Consumption,Percentage distribution of households by main cooking technologies in the County,Cooking Technology,Electric hot plates/coil (Rural),,%,,,,,,,,,,,,,,,,Urban,,Table 3.2 (b),
Kiambu,Energy Demand & Consumption,Percentage distribution of households by main cooking technologies in the County,Cooking Technology,Electric pressure cookers (Urban),,%,,,,,,,,,,,,,,,,Rural,,Table 3.2 (b),
Kiambu,Energy Demand & Consumption,Percentage distribution of households by main cooking technologies in the County,Cooking Technology,Electric pressure cookers (Rural),,%,,,,,,,,,,,,,,,,Urban,,Table 3.2 (b),
Kiambu,Energy Demand & Consumption,Percentage distribution of households by main cooking technologies in the County,Cooking Technology,Microwave ovens (Urban),,%,,,,,,,,,,,,,,,,Rural,,Table 3.2 (b),
Kiambu,Energy Demand & Consumption,Percentage distribution of households by main cooking technologies in the County,Cooking Technology,Microwave ovens (Rural),,%,,,,,,,,,,,,,,,,Urban,,Table 3.2 (b),
Kiambu,Energy Demand & Consumption,Percentage distribution of households by main cooking technologies in the County,Cooking Technology,Induction stoves (Urban),,%,,,,,,,,,,,,,,,,Rural,,Table 3.2 (b),
Kiambu,Energy Demand & Consumption,Percentage of institutions by main source of cooking fuels in the County,Fuel type,Firewood,,,,,,,,,,,,,,,,,,,,Table 3.2 (c),
Kiambu,Energy Demand & Consumption,Percentage of institutions by main source of cooking fuels in the County,Fuel type,Charcoal,,,,,,,,,,,,,,,,,,,,Table 3.2 (c),
Kiambu,Energy Demand & Consumption,Percentage of institutions by main source of cooking fuels in the County,Fuel type,Briquettes,,,,,,,,,,,,,,,,,,,,Table 3.2 (c),
Kiambu,Energy Demand & Consumption,Percentage of institutions by main source of cooking fuels in the County,Fuel type,Pellets,,,,,,,,,,,,,,,,,,,,Table 3.2 (c),
Kiambu,Energy Demand & Consumption,Percentage of institutions by main source of cooking fuels in the County,Fuel type,Kerosene,,,,,,,,,,,,,,,,,,,,Table 3.2 (c),
Kiambu,Energy Demand & Consumption,Percentage of institutions by main source of cooking fuels in the County,Fuel type,Bioethanol,,,,,,,,,,,,,,,,,,,,Table 3.2 (c),
Kiambu,Energy Demand & Consumption,Percentage of institutions by main source of cooking fuels in the County,Fuel type,LPG,,,,,,,,,,,,,,,,,,,,Table 3.2 (c),
Kiambu,Energy Demand & Consumption,Percentage of institutions by main source of cooking fuels in the County,Fuel type,Electricity,,,,,,,,,,,,,,,,,,,,Table 3.2 (c),
Kiambu,Energy Demand & Consumption,Percentage of institutions by main cooking technology in the County,Cooking Technology,Three stone,,,,,,,,,,,,,,,,,,,,Table 3.2 (d),
Kiambu,Energy Demand & Consumption,Percentage of institutions by main cooking technology in the County,Cooking Technology,Inst rocket stoves,,,,,,,,,,,,,,,,,,,,Table 3.2 (d),
Kiambu,Energy Demand & Consumption,Percentage of institutions by main cooking technology in the County,Cooking Technology,LPG burner,,,,,,,,,,,,,,,,,,,,Table 3.2 (d),
Kiambu,Energy Demand & Consumption,Percentage of institutions by main cooking technology in the County,Cooking Technology,Electric stoves,,,,,,,,,,,,,,,,,,,,Table 3.2 (d),
Kiambu,Energy Demand & Consumption,Percentage of institutions by main cooking technology in the County,Cooking Technology,Steam technology,,,,,,,,,,,,,,,,,,,,Table 3.2 (d),
Kiambu,Energy Demand & Consumption,Percentage of MSMEs by source of cooking fuels in the County,Fuel type,Firewood,,,,,,,,,,,,,,,,,,,,Table 3.2 (e) ,
Kiambu,Energy Demand & Consumption,Percentage of MSMEs by source of cooking fuels in the County,Fuel type,Charcoal,,,,,,,,,,,,,,,,,,,,Table 3.2 (e) ,
Kiambu,Energy Demand & Consumption,Percentage of MSMEs by source of cooking fuels in the County,Fuel type,Briquettes,,,,,,,,,,,,,,,,,,,,Table 3.2 (e) ,
Kiambu,Energy Demand & Consumption,Percentage of MSMEs by source of cooking fuels in the County,Fuel type,Pellets,,,,,,,,,,,,,,,,,,,,Table 3.2 (e) ,
Kiambu,Energy Demand & Consumption,Percentage of MSMEs by source of cooking fuels in the County,Fuel type,Kerosene,,,,,,,,,,,,,,,,,,,,Table 3.2 (e) ,
Kiambu,Energy Demand & Consumption,Percentage of MSMEs by source of cooking fuels in the County,Fuel type,Bioethanol,,,,,,,,,,,,,,,,,,,,Table 3.2 (e) ,
Kiambu,Energy Demand & Consumption,Percentage of MSMEs by source of cooking fuels in the County,Fuel type,LPG,,,,,,,,,,,,,,,,,,,,Table 3.2 (e) ,
Kiambu,Energy Demand & Consumption,Percentage of MSMEs by source of cooking fuels in the County,Fuel type,Electricity,,,,,,,,,,,,,,,,,,,,Table 3.2 (e) ,
Kiambu,Energy Demand & Consumption,Percentage of MSMEs by main cooking technology in the County,Fuel type,Three stone,,,,,,,,,,,,,,,,,,,,Table 3.2 (f),
Kiambu,Energy Demand & Consumption,Percentage of MSMEs by main cooking technology in the County,Fuel type,Inst rocket stoves,,,,,,,,,,,,,,,,,,,,Table 3.2 (f),
Kiambu,Energy Demand & Consumption,Percentage of MSMEs by main cooking technology in the County,Fuel type,LPG stoves,,,,,,,,,,,,,,,,,,,,Table 3.2 (f),
Kiambu,Energy Demand & Consumption,Percentage of MSMEs by main cooking technology in the County,Fuel type,Electric stoves,,,,,,,,,,,,,,,,,,,,Table 3.2 (f),
Kiambu,Energy Demand & Consumption,Percentage of MSMEs by main cooking technology in the County,Fuel type,Steam technology,,,,,,,,,,,,,,,,,,,,Table 3.2 (f),
